序号,单词,音标,词性,中文释义,英文例句,分类,小节
1,time,/taɪm/,n.,时间；次数，倍数,Long time no see. 好久不见。 | They can change their minds 200 times. 他们可 以改变主意200 次。,Level 1,Day 1
2,now,/naʊ/,adv.,现在,I see things differently now. 现在，我看问题的 方法不一样了。,Level 1,Day 1
3,then,/ðen/,adv.,那时；然后,since then 从那以后,Level 1,Day 1
4,today,/təˈdeɪ/,adv./n.,今天,Yesterday is history. Tomorrow is mystery. today is a gift. 昨日已逝，明天尚远，今天才是上天 赐予的礼物。,Level 1,Day 1
5,yesterday,/ˈjestərdeɪ/,adv./n.,昨天,,Level 1,Day 1
6,tomorrow,/təˈmɑːroʊ/,adv./n.,明天,,Level 1,Day 1
7,period,/ˈpɪriəd/,n.,时期,This crisis might last for a long period of time. 此 次危机可能会持续很长一段时间。,Level 1,Day 1
8,date,/deɪt/,n.,日期,out of date 过时的 | up to date 最新的,Level 1,Day 1
9,day,/deɪ/,n.,一天,Take the medicine three times a day. 每日服药 三次。 But 10. week /wiːk/ | We'll get together next week. 我们下周要聚一聚。,Level 1,Day 1
11,month,/mʌnθ/,n.,月,,Level 1,Day 1
12,year,/jɪr/,n.,年,,Level 1,Day 1
13,decade,/ˈdekeɪd/,n.,十年,over the past decade 在过去的十年,Level 1,Day 1
14,century,/ˈsentʃəri/,n.,世纪,in the 19th century 在19 世纪,Level 1,Day 1
15,next,/nekst/,adj.,/adv. /n. 下一个,,Level 1,Day 1
16,ahead,/əˈhed/,adv.,提前,Let's try to plan ahead. 咱们尽量提前计划。,Level 1,Day 1
17,second,/ˈsekənd/,num.,第二,the Second World War 二战 | a 10-second video 一个10 秒的视频,Level 1,Day 1
18,minute,/ˈmɪnɪt/,n.,分钟,13 minutes 48 seconds 13 分48 秒,Level 1,Day 1
19,hour,/ˈaʊər/,n.,小时,an hour 一小时,Level 1,Day 1
20,morning,/ˈmɔːrnɪŋ/,n.,早晨,the morning papers 晨报,Level 1,Day 1
21,afternoon,/ˌæftərˈnuːn/,n.,下午 4<< 零基础词汇讲义Level 1,,Level 1,Day 1
23,night,/naɪt/,n.,夜晚,She worked day and night to finish the project. 为了完 成这个项目，她日日夜夜工作。,Level 1,Day 1
24,weekend,/ˈwiːkend/,n.,周末,Let's go fishing this weekend. 咱们这个周末去 钓鱼吧。,Level 1,Day 1
25,season,/ˈsiːzn/,n.,季节；季,They hope to play well this season. 他们希望本 赛季打得好,Level 1,Day 1
26,spring,/sprɪŋ/,n.,春天,Spring Festival 春节,Level 1,Day 1
27,summer,/ˈsʌmər/,n.,夏天,a,Level 1,Day 1
28,fall,/fɔːl/,n.,秋天,Fall is the season between summer and winter. 秋 天是夏天和冬天之间的季节。 | The numbers are now falling. 数字现在正在 下降。,Level 1,Day 1
29,winter,/ˈwɪntər/,n.,冬天,,Level 1,Day 1
30,after,/ˈæftər/,prep./conj.,在……之后,Anna will drive me home after work. 下班后安娜 会开车送我回家。,Level 1,Day 1
31,before,/bɪˈfɔːr/,prep./conj.,在……之前,the day before yesterday 前天,Level 1,Day 1
32,during,/ˈdʊrɪŋ/,prep.,在......的期间,during the 1960s 在20 世纪60 年代期间,Level 1,Day 1
33,daily,/ˈdeɪli/,adj.,日常的,Commuting is a part of daily life for many people. 乘车上下班是许多人日常生活的一部分。 | China Daily 中国日报,Level 1,Day 1
34,clock,/klɑːk/,n.,时钟,Your only competitor is the clock. 你唯一的竞争 对手是时钟。,Level 1,Day 1
35,late,/leɪt/,adj.,迟到的,The train was 40 minutes late. 火车晚点了40 分钟。,Level 1,Day 1
36,come,/kʌm/,v.,来 [过去式came 过去分词come 现在分词coming],I'm afraid we can't come. 我很遗憾，我不能来了。,Level 1,Day 1
37,use,/juːz/,n./v.,使用,Might I use your phone？我可以用一下你的电 话吗？,Level 1,Day 1
38,way,/weɪ/,n.,方法；道路,There's a way across the fields. 有一条路穿过田地。,Level 1,Day 1
39,most,/moʊst/,adv.,最 det./pron. 大多数,Most people obey the law. 大多数人遵守法律。,Level 1,Day 1
40,right,/raɪt/,adj.,正确的；右方的,You made the right decision. 你的决定是正确的。 | Slaves did not have the right to vote. 奴隶没有投 票权。,Level 1,Day 1
1,begin,/bɪˈɡɪn/,v.,开始 [过去式began 过去分词begun 现在分词beginning],The problems began last November. 问题于去年 11 月开始出现。,Level 1,Day 2
2,start,/stɑːrt/,v.,开始；出发,I start work at nine. 我九点开始工作。,Level 1,Day 2
3,end,/end/,n./v.,结束,The cold war came to an end. 冷战终止。,Level 1,Day 2
4,great,/ɡreɪt/,adj.,伟大的,the Great Wall 长城,Level 1,Day 2
5,help,/help/,v./n.,帮助,This app helps you learn English. 这个软件能帮 你学英语。 线｜教研团队,Level 1,Day 2
6,world,/wɜːrld/,n.,世界 6<< 零基础词汇讲义Level 1,,Level 1,Day 2
7,buy,/baɪ/,v.,购买 [过去式 bought 过去分词bought 现在分词buying],He bought me a new coat. 他给我买了一件新外套。,Level 1,Day 2
8,hope,/hoʊp/,v./n.,希望,I hope you can find your way home. 希望你能找 到回家的路。,Level 1,Day 2
9,body,/ˈbɑːdi/,n.,身体,body language 肢体语言,Level 1,Day 2
10,few,/fjuː/,adj.,很少的；几乎没有的,Few people understand the difference. 几乎没有 人了解这个差别。,Level 1,Day 2
11,little,/ˈlɪtl/,adj.,小的 det./pron. 很少,I have little money and little free time. 我没什么 钱，也很少有空闲时间。,Level 1,Day 2
12,member,/ˈmembər/,n.,成员,friends and family members 朋友和家人,Level 1,Day 2
13,age,/eɪdʒ/,n.,年龄；时代,He finished high school at the age of 18. 他18 时高中毕业。,Level 1,Day 2
14,hard,/hɑːrd/,adj.,坚硬的；艰难的；努力的,The table feels hard. 这个桌子摸起来很硬。 | Work hard and play hard. 努力工作，努力玩耍。,Level 1,Day 2
15,story,/ˈstɔːri/,n.,故事,a bedtime story 睡前故事,Level 1,Day 2
16,stop,/stɑːp/,v.,停止,The car stopped at the traffic lights. 汽车在交通 信号灯前停了下来。,Level 1,Day 2
17,letter,/ˈletər/,n.,信；字母,There's no date on this letter. 这封信未注明日期。,Level 1,Day 2
18,class,/klæs/,n.,班级；阶级,We were in the same class at school. 我们在上学 时同过班。 | the working class 工人阶级 | She developed the company from nothing. 她白 手起家办起了这个公司。 /fuːd/ 20. food | food and drink 饮食,Level 1,Day 2
21,win,/wɪn/,n.,赢；胜利 [过去式 won 过去分词 won 现在分词 winning ],Everyone has a chance to win. 每个人都有机会赢。,Level 1,Day 2
22,wait,/weɪt/,v.,等候,wait a second 等一下,Level 1,Day 2
23,law,/lɔː/,n.,法律,He's in law school. 他在读法学院。,Level 1,Day 2
24,strong,,adj.,坚强的；强壮的,He's strong enough to lift a car. 他力气大得能抬 起一辆汽车！ | a strong wind 强风,Level 1,Day 2
25,different,/ˈdɪfrənt/,adj.,不同的,American English is different from British English. 美国英语与英国英语有差异。,Level 1,Day 2
26,same,/seɪm/,adj.,相同的,I bought the same car as yours. 我买了一辆车， 和你那辆一模一样。,Level 1,Day 2
27,economy,/ɪˈkɑːnəmi/,n.,经济,,Level 1,Day 2
28,land,/lænd/,n.,国土；陆地,"The land was very dry and hard after the long, summer. 经过漫长的炎夏这块土地又干又硬。",Level 1,Day 2
29,road,/roʊd/,n.,道路,They walked slowly along the road. 他们沿公路,Level 1,Day 2
30,middle,/ˈmɪdl/,adj.,中间的,a lake with an island in the middle 中央有一个小 岛的湖 | the middle class 中产阶级,Level 1,Day 2
31,without,/wɪˈðaʊt/,prep.,没有,Don't go without me. 别甩下我就走。,Level 1,Day 2
32,within,/wɪˈðɪn/,prep.,在……之内,He should arrive within the next half-hour. 该会在半小时内到达。,Level 1,Day 2
33,direction,/dəˈrekʃn/,n.,方向,It was a step in the right direction. 这是朝正确方 8<< 零基础词汇讲义Level 1 向迈出的一步。,Level 1,Day 2
34,again,/əˈɡen/,adv.,又一次,When will I see you again? 我何时能再见到你？,Level 1,Day 2
35,kid,/kɪd/,v.,取笑,Are you kidding me? 你在开玩笑吧？,Level 1,Day 2
36,benefit,/ˈbenɪfɪt/,n.,利益；救济金,It will benefit both sides. 这件事对双方都有好处。,Level 1,Day 2
37,space,/speɪs/,n.,空间；太空,She needed space to be herself. 她需要自己的独 立空间。,Level 1,Day 2
38,listen,/ˈlɪsn/,v.,听,listen to music 听音乐,Level 1,Day 2
39,important,/ɪmˈpɔːrtnt/,adj.,重要的,Listening is an important part of the job. 倾听是 他应 这项工作的一个重要部分。,Level 1,Day 2
40,beautiful,/ˈbjuːtɪfl/,adj.,美丽的,She was a very beautiful woman. 她是个非常美 丽的女人。,Level 1,Day 2
1,many,/ˈmeni/,,,There are too many mistakes in this essay. 这篇文,Level 1,Day 3
2,much,/mʌtʃ/,adv.,很,I enjoy reading very much. 我非常喜欢阅读。,Level 1,Day 3
3,sure,/ʃʊr/,adj.,确信的,I'm pretty sure I'll be going. 我相当肯定会去的。,Level 1,Day 3
4,both,/boʊθ/,,,Both women were French. 两名妇女都是法国人。 | Both his mother and his father will be there.他父,Level 1,Day 3
5,all,/ɔːl/,,,Cars were coming from all directions. 汽车从四,Level 1,Day 3
6,real,/ˈriːəl/,adj.,真实的,Tell me the real reason.告诉我真正的理由。 *补充：really adv. 真正地,Level 1,Day 3
7,true,/truː/,adj.,真实的,Maybe one day you'll find true love. 也许有一天 你会找到真爱。,Level 1,Day 3
8,long,/lɔːŋ/,adj./adv.,长的；长时间的,a long journey 一个长途旅行,Level 1,Day 3
9,short,/ʃɔːrt/,adj.,短的；不足的,a short walk 短距离步行 | I'm short of money this month. 这个月我手头有 点紧。 *补充：be short of sth 不足,Level 1,Day 3
10,open,/ˈoʊpən/,,,,Level 1,Day 3
11,close,/kloʊz/,v.,关闭,Jo is a very close friend. 乔是我们亲密的朋友。,Level 1,Day 3
12,near,/nɪr/,,,Do you live near here? 你住在这附近吗？,Level 1,Day 3
13,big,/bɪg/,adj.,大的,This shirt isn't big enough. 这件衬衣不够大。,Level 1,Day 3
14,large,/lɑːrdʒ/,adj.,大的,They have a large family. 他们家人很多。,Level 1,Day 3
15,huge,/hjuːdʒ/,adj.,巨大的,a huge crowd 庞大的人群,Level 1,Day 3
16,small,/smɔːl/,adj.,少的，小的,a small town 小镇,Level 1,Day 3
17,easy,/ˈiːzi/,adj.,容易的,This is not an easy task. 这不是项容易的任务。 *补充：easily adv. 容易地 10<< 零基础词汇讲义Level 1 | a deep sleep 深度睡眠,Level 1,Day 3
19,low,/loʊ/,adj.,低的，浅的,low prices 低价 | the lower classes of society 下层社会,Level 1,Day 3
20,fine,/faɪn/,adj.,好的,I’m fine. 我很好。 | a heavy fine 巨额罚款,Level 1,Day 3
21,poor,/pʊr/,adj.,贫穷的；可怜的,I feel sorry for that poor child. 我为那个可怜的 孩子感到难过。,Level 1,Day 3
22,difficult,/ˈdɪfɪkəlt/,adj.,困难的,It's difficult for them to get here. 对他们来说，到 这儿很困难。 *补充：It's difficult for sb to do sth. 对某人来说做某 事是困难的。,Level 1,Day 3
23,difficulty,/ˈdɪfɪkəlti/,n.,困难,The patient has difficulty in breathing. 病人呼吸 困难。 *补充：have difficulty in doing sth 做某事有困难,Level 1,Day 3
24,popular,/ˈpɑːpjələr/,adj.,流行的，受欢迎的,The exhibition is sure to be popular. 这一展览肯 定受欢迎。 *补充：popularity n. 流行,Level 1,Day 3
25,quickly,/ˈkwɪkli/,adv.,迅速地,She walked quickly. 她走得很快。,Level 1,Day 3
26,wrong,/rɔːŋ/,adj.,错误的,The jacket was the wrong size. 这件夹克尺码不对。,Level 1,Day 3
27,foot,/fʊt/,n.,脚；英尺,She was standing on one foot. 她单脚站立着。,Level 1,Day 3
28,even,/ˈiːvn/,adv.,甚至,Even a child can understand it. 就连小孩子也能 理解。 | You need an even surface to work on. 你需要有 个平面在上面工作。,Level 1,Day 3
29,animal,/ˈænɪml/,n.,动物,animal rights 动物权益,Level 1,Day 3
30,wife,/waɪf/,n.,妻子,He never complains about his wife. 他对他妻子 从不抱怨。,Level 1,Day 3
31,husband,/ˈhʌzbənd/,n.,丈夫,Her husband stood at her side. 她丈夫站在她身边。,Level 1,Day 3
32,sport,/spɔːrt/,,,Cycling is Europe's second most popular sport.,Level 1,Day 3
33,quite,/kwaɪt/,adv.,很,I'm quite happy to wait for you here. 我非常高兴 在此等候您。,Level 1,Day 3
34,think,/θɪŋk/,v.,想；认为 [过去式thought过去分词thought现在分词thinking],I think I should get back to work. 我想我应该重 新开始工作了。,Level 1,Day 3
35,change,/tʃeɪndʒ/,v.,改变 [过去式changed过去分词changed现在分词changing],We can't change our plans now. 我们现在不能改 变计划了。 | economic change 经济变革,Level 1,Day 3
36,move,,v.,移动 [过去式moved 过去分词moved 现在分词moving],Time is moving on. 时间在前进。,Level 1,Day 3
37,movement,/ˈmuːvmənt/,n.,运动；活动,They were watching her every movement. 他们注 视着她的每一个动作。 | the women’s movement 妇女运动,Level 1,Day 3
38,take,/teɪk/,v.,拿；引领 [过去式took 过去分词taken 现在分词taking],"Free newspapers, please take one. 报纸免费，请 骑 取一份。",Level 1,Day 3
39,give,/ɡɪv/,v.,给 [过去式gave 过去分词given 现在分词giving],"Give us the newspaper, will you? 把报纸给我好吗？ *补充：give sb. sth. = give sth. to sb. 给某人某物 12<< 零基础词汇讲义Level 1",Level 1,Day 3
40,bring,/brɪŋ/,v.,带来 [过去式brought 过去分词brought 现在分词bringing],Bring a present for Helen. 给海伦带件礼物来。,Level 1,Day 3
1,find,/faɪnd/,v.,发现；找到 [过去式found 过去分词found 现在分词finding],I have found a new gym. 我找到了一个新的健 身房。,Level 1,Day 4
2,know,/noʊ/,v.,知道；懂得 [过去式knew 过去分词known 现在分词knowing],They don't know their rights. 他们不知道自己的 权利。 | She is known as a great beauty. 她是个众所皆知 的大美人。 *补充：known as ... 以...而闻名,Level 1,Day 4
3,show,/ʃoʊ/,v.,展示 [过去式showed 过去分词shown 现在分词showing],She plans to show her paintings next year. 她计划 明年展出自己的绘画作品。 线｜教研团队,Level 1,Day 4
4,put,/pʊt/,v.,放,,Level 1,Day 4
5,set,/set/,v.,放；设置 [过去式set 过去分词set 现在分词setting ],We must set goals. 我们必须制订目标。 | a set of rules 一套规则 | system settings 系统设置,Level 1,Day 4
6,try,/traɪ/,v.,尝试 [过去式tried 过去分词tried 现在分词trying],Try the shoes on before you buy them. 鞋子要先 穿上试一试再买。 | We should try to save water. 我们应设法节约用水。 *补充：try to do sth. 设法做某事,Level 1,Day 4
7,make,/meɪk/,v.,制作；使得 [过去式made 过去分词made 现在分词making],,Level 1,Day 4
8,meet,/miːt/,v.,遇见；满足 [过去式met 过去分词met 现在分词meeting],Did you meet anyone in town? 你在城里碰见什 么人了吗？ | meet the needs 满足需求,Level 1,Day 4
9,build,/bɪld/,v.,建立 [过去式built 过去分词built 现在分词building],We're going to build a house. 我们打算建造一座 房子。 | We want to build a better life. 我们想创造更美 好的生活。,Level 1,Day 4
10,provide,/prəˈvaɪd/,v.,提供,They provided him with a car and driver. 他们为 他提供了一辆汽车和一位司机。,Level 1,Day 4
11,include,/ɪnˈkluːd/,v.,包含,My hobbies include reading and painting. 我的业 余爱好包括读书和绘画。 *补充：exclude v.排除,Level 1,Day 4
12,value,/ˈvæljuː/,n.,价值 什么新闻价值。 14<< 零基础词汇讲义Level 1,I value my privacy. 我重视自己的隐私。,Level 1,Day 4
13,laugh,/læf/,v.,笑,She always makes me laugh. 她总是让我发笑。,Level 1,Day 4
14,heart,/hɑːrt/,n.,心脏；要点,She has a kind heart. 她有一颗善良的心。 | the heart of the problem 问题的核心,Level 1,Day 4
15,bank,/bæŋk/,n.,银行；岸,a bank manager 银行经理 *补充：banker n.银行家,Level 1,Day 4
16,say,/seɪ/,v.,说 [过去式said 过去分词said 现在分词saying],I have something to say. 我有话要说。,Level 1,Day 4
17,tell,,v.,告诉 [过去式told 过去分词told 现在分词telling],Tell me the answer. 把答案告诉我吧。,Level 1,Day 4
18,call,/kɔːl/,v.,叫；打电话,Did somebody call my name? 有人叫我的名字吗？,Level 1,Day 4
19,ask,/æsk/,v.,问；要求,I asked his name. 我问了他的名字。 | We asked him to leave. 我们让他离开。,Level 1,Day 4
20,talk,/tɔːk/,v.,说话,,Level 1,Day 4
21,read,/riːd/,v.,阅读 [过去式read 过去分词read 现在分词reading],He opened the letter and read it. 他拆开信读起来。,Level 1,Day 4
22,speak,/spiːk/,v.,说话；演讲 [过去式spoke 过去分词spoken 现在分词speaking],He can speak three languages. 他会说三种语言。 | the English speech contest 英语演讲竞赛,Level 1,Day 4
24,state,/steɪt/,v.,陈述,You should state reasons for your recommendation. 你应当说明推荐的理由。 | We're worried about his mental state. 我们担心他 的精神状况。,Level 1,Day 4
25,statement,/ˈsteɪtmənt/,n.,声明；陈述,Which of the following statements is NOT 以下哪一项陈述是不正确的？,Level 1,Day 4
26,voice,/vɔɪs/,n.,声音；嗓音,I could hear voices in the next room. 我能听到隔 壁说话的声音。,Level 1,Day 4
27,sound,/saʊnd/,v.,听起来,Sound travels more slowly than light. 声比光传 播得慢。 | It sounds like a wonderful idea. 那听来像个好主意。,Level 1,Day 4
28,mention,/ˈmenʃn/,v.,提及,Don't mention the matter. 莫提此事。,Level 1,Day 4
29,discuss,/dɪˈskʌs/,v.,讨论,I'm willing to discuss the problem. 我乐意讨论这 个问题。 *补充：discussion n.讨论,Level 1,Day 4
30,comment,/ˈkɒment/,n.,评论,She made helpful comments on my work. 她对我 的工作提出了有益的意见。,Level 1,Day 4
31,express,,v.,表达,I want to express my true feelings. 我想表达我的 真实感受。 true? 32. explain /ɪkˈspleɪn/ | Let me explain why. 让我来解释为什么。,Level 1,Day 4
33,debate,/dɪˈbeɪt/,n.,辩论；讨论,His comments provided a focus for debate. 他的 评论提供了辩论的重点。,Level 1,Day 4
34,argue,/ˈɑːrɡjuː/,v.,争论，辩论；提出理由,,Level 1,Day 4
35,argument,/ˈɑːrɡjumənt/,n.,争论；观点,This argument has attracted a lot of attention. 个观点引起了很多关注。,Level 1,Day 4
36,conversation,/ˌkɑːnvərˈseɪʃn/,n.,交谈，会话,I had a long conversation with her. 我与她做了一 次长谈。 | ask a question 提问 16<< 零基础词汇讲义Level 1,Level 1,Day 4
38,answer,/ˈɑːnsər/,n.,答复；答案,answer a question 回答问题 这 39. introduce /ˌɪntrəˈdjuːs/ | You can introduce some famous singers to me. 你 可以给我介绍一些著名的歌手。,Level 1,Day 4
40,suggest,/səˈdʒest/,v.,建议；暗示,I suggest that we go out to eat. 我提议我们出去 吃吧。 | Are you suggesting that I'm lazy? 你言下之意是 说我懒？,Level 1,Day 4
1,wide,/waɪd/,adj.,宽的；广泛的,a wide river 宽阔的河,Level 1,Day 5
2,see,/siː/,v.,看见；理解 [过去式saw 过去分词seen 现在分词seeing],You can't see colours at night. 你在夜间看不见 颜色。 | I haven't seen him in years. 我有好些年没见过他了。,Level 1,Day 5
3,look,/lʊk/,v.,看起来；看,You look different than before. 你看上去与从前 不一样了。 | They look for chances. 他们寻找机会。,Level 1,Day 5
4,watch,/wɑːtʃ/,v.,观看；注视,watch a football game 线｜教研团队 观看足球比赛,Level 1,Day 5
5,visit,/ˈvɪzɪt/,v.,访问，参观,,Level 1,Day 5
6,view,/vjuː/,v.,浏览,"People came from all over the world to view her work. 人们从世界各地涌来欣赏她的作品。 | In my view, it was a waste of time. 依我看，这是 浪费时间。",Level 1,Day 5
7,review,/rɪˈvjuː/,v.,回顾,to review your failures 审视你的失败 | a book review 书评,Level 1,Day 5
8,interview,/ˈɪntərvjuː/,v.,采访；面试,a job interview 求职面试,Level 1,Day 5
9,notice,/ˈnəʊtɪs/,v.,注意,,Level 1,Day 5
10,note,/noʊt/,v.,注意,I noted that the rain had stopped. 我注意到雨已 经停了。,Level 1,Day 5
11,seek,/siːk/,v.,寻求 [过去式sought 过去分词sought 现在分词seeking],We seek to improve relations between our,Level 1,Day 5
12,search,/sɜːrtʃ/,v.,搜索,She searched her desk for the necessary information. 她在她的书桌里搜寻必要的资料。,Level 1,Day 5
13,research,/ˈriːsɜːrtʃ/,n.,研究；调查,I'm doing some research on the subject. 我正就这 一课题进行研究。,Level 1,Day 5
14,run,/rʌn/,v.,跑；经营 [过去式ran 过去分词run 现在分词running],I go for a run every morning. 我每天早晨都去跑步。 | They run a small store. 他们经营一家小商店。,Level 1,Day 5
15,stand,/stænd/,v.,站立；忍受,stand up 起立 18<< 零基础词汇讲义Level 1 | I couldn't stand that sound. 我无法忍受那种声音。 | a newspaper stand 报摊,Level 1,Day 5
16,sit,/sɪt/,v.,坐 [过去式sat 过去分词sat 现在分词sitting],She is sitting at her desk. 她坐在书桌前。,Level 1,Day 5
17,seat,/siːt/,v.,就座 two e.g. Please take a seat. 请坐。,,Level 1,Day 5
18,walk,/wɔːk/,v.,走,I walked a few steps toward the door.我向门口走 了几步。,Level 1,Day 5
19,drive,/draɪv/,v.,开车；驱动 [过去式drove,His daughter drove him to the train station. 他的 女儿开车送他去火车站。 | Economic system is driven by competition. 经济 体制是由竞争驱动的。 *补充：driver n.司机,Level 1,Day 5
20,step,/step/,v.,踏 [过去式stepped 过去分词stepped 现在分词stepping],I took a step toward him. 我朝他迈出了一步。,Level 1,Day 5
21,enter,/ˈentər/,v.,进入,He entered the room and stood near the door. 他 进入房间，靠近门站着。,Level 1,Day 5
22,dance,/dæns/,v.,跳舞,He's learning to dance. 他在学跳舞。,Level 1,Day 5
23,turn,/tɜːrn/,v.,转动；转身,Could you turn the TV up? 你能把电视机的音量 开大些吗？ | Tonight it's my turn to cook. 今晚轮到我做饭。 | Follow me please. I'll show you the way. 请跟我 走。我来给你带路。,Level 1,Day 5
25,stay,/steɪ/,v.,停留；保持,Can't you stay a few more days? 你不能多住几 天吗？ | The main thing is to stay calm. 最重要的是要保 持冷静。,Level 1,Day 5
26,leave,/liːv/,v.,离开；使...处于某种状态 [过去式left 过去分词left 现在分词leaving],They had to leave at midnight. 他们不得不半夜 离开。 | Leave me alone. 别打扰我。,Level 1,Day 5
27,seem,/siːm/,v.,似乎,,Level 1,Day 5
28,become,/bɪˈkʌm/,v.,成为；变得 [过去式became 过去分词become 现在分词becoming],She became queen in 1952. 她于1952 年成为女王。 | He has become rich. 他变富了。,Level 1,Day 5
29,remain,/rɪˈmeɪn/,v.,保持；仍然存在,The three men remained silent. 这3 个人保持沉默。 | The wider problem remains. 更广泛的问题依然 存在。,Level 1,Day 5
30,hotel,/hoʊˈtel/,n.,旅馆,We stayed at the Grand Hotel. 我们住在格兰酒店。,Level 1,Day 5
31,club,/klʌb/,n.,俱乐部，社团,She is a member of the club. 她是这个俱乐部的 会员。,Level 1,Day 5
32,ready,/ˈredi/,adj.,准备好的,He's always ready to help his friends. 他总是乐意 帮助朋友。,Level 1,Day 5
33,tax,/tæks/,n.,税,Does the price include tax? 这个价钱是否包括 税款？,Level 1,Day 5
34,television,/ˈtelɪvɪʒn/,n.,电视,I'll turn the television on. 我来打开电视机。,Level 1,Day 5
35,contact,/ˈkɑːntækt/,v.,联系,You can contact us by e-mail. 你可以通过电子,Level 1,Day 5
36,contract,/ˈkɑːntrækt/,n.,合同,He mailed me the contract. 他把合同寄给了我。 | a contracting market 萎缩的市场,Level 1,Day 5
37,address,/əˈdres/,n.,地址,What's your email address ? 你的电邮地址是什么？ 种做法并不能解决真正的问题。,Level 1,Day 5
38,financial,/faɪˈnænʃl/,adj.,金融的,The company is facing a financial crisis. 公司正 面临财政危机。,Level 1,Day 5
39,necessary,/ˈnesəseri/,adj.,必要的,Sometimes it is necessary to say no. 有时候说 “不”是必要的。,Level 1,Day 5
40,dream,/driːm/,n.,梦；梦想 这 v. 做梦；梦想,Her lifelong dream was to be a famous writer. 她 的毕生愿望就是成为名作家。,Level 1,Day 5
1,hand,/hænd/,n.,手，帮助,I'd be glad to lend a hand. 我乐意帮忙。,Level 1,Day 6
2,write,/raɪt/,v.,写 [过去式wrote 过去分词written 现在分词writing],I am writing to express my congratulations to 我写这封信是为了向你表达祝贺。,Level 1,Day 6
3,hold,/hoʊld/,v.,抓着；保持；举办 [过去式held 过去分词held 现在分词holding],They hold different views. 他们持有不同的观点。,Level 1,Day 6
4,opinion,/əˈpɪnjən/,n.,意见；主张,My opinion remains unchanged. 我的看法一如 既往。,Level 1,Day 6
5,reach,/riːtʃ/,v.,到达；达到；伸手 线｜教研团队,I can't reach the top shelf. 我够不着最上面的 架子。,Level 1,Day 6
6,receive,/rɪˈsiːv/,v.,收到,I didn't receive a letter from him. 我没有收到他 的信。,Level 1,Day 6
7,carry,/ˈkæri/,,,I never carry much money on me. 我身上从不多,Level 1,Day 6
8,describe,/dɪˈskraɪb/,v.,描述,Can you describe him to me? 你能向我描述一下 他的样子吗？,Level 1,Day 6
9,mark,/mɑːrk/,n.,标志；分数,He made marks with a pencil. 他用铅笔作了记号。,Level 1,Day 6
10,draw,/drɔː/,v.,画；拉；吸引；得出 [过去式drew 过去分词drawn 现在分词drawing],,Level 1,Day 6
11,sign,/saɪn/,n.,迹象；记号,I signed the agreement. 我签了这份协议。 | Her work is showing some signs of improvement. 她的工作出现了一些改进的迹象。 | Why do people paint pictures? 为什么人们要画画？,Level 1,Day 6
13,plant,/plænt/,n.,植物；工厂,He plans to plant fruit trees and vegetables. 划栽种果树和蔬菜。,Level 1,Day 6
14,press,/pres/,v.,压,He pressed a button and the door closed. 他按了 一个按钮，门关上了。,Level 1,Day 6
15,pressure,/ˈpreʃər/,n.,压力,Can you work under pressure? 你能在压力下工 作吗？,Level 1,Day 6
16,pull,/pʊl/,v.,拉 出来。 22<< 零基础词汇讲义Level 1,,Level 1,Day 6
17,push,/pʊʃ/,v.,推动,They pushed him into the car. 他们把他推进了 汽车。,Level 1,Day 6
18,catch,/kætʃ/,v.,赶上；抓住 [过去式caught 过去分词caught 现在分词catching],"If we leave now, I can catch the earlier flight. 我 们要是现在动身，我就可以赶上早一点的航班。",Level 1,Day 6
19,play,/pleɪ/,v.,玩耍；扮演,It's my favourite Shakespeare play. 这是我最喜 欢的莎士比亚剧。,Level 1,Day 6
20,fight,/faɪt/,v.,与……斗争 他计 n. 打架；斗争 [过去式fought 过去分词fought 现在分词fighting],She was always arguing with him and fighting with him. 她总是跟他争论和吵架。,Level 1,Day 6
21,touch,/tʌtʃ/,v.,触摸；触动,I didn't touch your car. 我没碰你那辆车。 | Let's keep in touch. 咱们保持联系。,Level 1,Day 6
22,throw,/θroʊ/,v.,投；抛 [过去式threw 过去分词thrown 现在分词throwing],I never throw anything away. 我从来不扔任何 东西。,Level 1,Day 6
23,place,/pleɪs/,n.,地方,The police searched the place. 警察搜查了那个 地方。,Level 1,Day 6
24,replace,/rɪˈpleɪs/,v.,取代，代替,Have they found anyone to replace her ? 他们找 到了代替她的人没有？,Level 1,Day 6
25,strike,/straɪk/,n.,袭击；罢工,They argued for the right to strike. 他们据理力争 罢工权利。,Level 1,Day 6
26,serve,/sɜːrv/,v.,招待，服务,The centre will serve the whole community. 中心将为整个社区提供服务。,Level 1,Day 6
27,order,/ˈɔːrdər/,n.,命令；订单,They can order their requirements on line. 他们可 以在网上定购所需物品。,Level 1,Day 6
28,offer,/ˈɔːfər/,v.,提供；出价,We offer free technical support. 我们免费提供技 术支持。,Level 1,Day 6
29,send,/send/,v.,发送；派遣,I will send you a message. 我会给你发一条短信。,Level 1,Day 6
30,pick,/pɪk/,v.,拾取；挑选,I asked him when he would be back to pick me up. 我问他什么时候回来接我。,Level 1,Day 6
31,goal,/ɡoʊl/,n.,目标,You need to set some goals. 你得制订一些目标。,Level 1,Day 6
32,oil,/ɔɪl/,n.,油；石油,The price of oil is going down. 油价正在下跌。,Level 1,Day 6
33,restaurant,/ˈrestrɑːnt/,n.,餐馆,There is a good restaurant on the upper floor. 楼 上有一家很好的餐馆。,Level 1,Day 6
34,face,/feɪs/,n.,脸；表面,The 面临财政危机。,Level 1,Day 6
35,sense,/sens/,n.,感觉；道理,Lisa sensed that he did not believe her. 莉萨意识 到他不相信她。 | a strong sense of duty 很强的责任感,Level 1,Day 6
36,die,/daɪ/,v.,死亡 [过去式died 过去分词died 现在分词dying],A year later my dog died. 1 年后，我的狗死了。,Level 1,Day 6
37,dead,/ded/,adj.,死的,a dead person 死人,Level 1,Day 6
38,death,/deθ/,n.,死亡,She knew she was close to death. 她知道自己已 濒临死亡。,Level 1,Day 6
39,live,/lɪv/,v.,居住；活着 24<< 零基础词汇讲义Level 1,She has lived here for 10 years. 她在这里住了10 年了。,Level 1,Day 6
40,life,/laɪf/,n.,生活，生命,Smoking can shorten your life. 吸烟会缩短你的 寿命。,Level 1,Day 6
1,mean,/miːn/,v.,意味着，有...目的,I didn't mean to hurt you. 我不是有意要伤害你。,Level 1,Day 7
2,mind,/maɪnd/,n.,头脑；心思,I hope you don't mind the noise. 希望你不介意这 声音。,Level 1,Day 7
3,memory,/ˈmeməri/,n.,记忆；记忆力,He had a good memory for faces. 他对相貌有很 好的记忆力。,Level 1,Day 7
4,miss,/mɪs/,v.,错过；想念,If I don't leave now I'll miss my plane.现在不走我 就赶不上飞机了。,Level 1,Day 7
5,forget,/fərˈɡet/,v.,忘记,Let's forget the thing. 线｜教研团队 咱们忘记这件事吧。 [过去式forgot 过去分词forgotten 现在分词forgetting],Level 1,Day 7
6,remember,/rɪˈmembər/,,,,Level 1,Day 7
7,believe,/bɪˈliːv/,v.,相信；认为,The police didn't believe her story. 警方不相信她 对事情的描述。,Level 1,Day 7
8,agree,/əˈɡriː/,v.,同意,She agreed to let me go early.她同意让我早走。,Level 1,Day 7
9,agreement,/əˈɡriːmənt/,n.,同意；协议,They signed an agreement. 他们签署了一份协议。,Level 1,Day 7
10,worry,/ˈwɜːri/,v.,担心,I worry about her. 我为她担心。,Level 1,Day 7
11,concern,/kənˈsɜːrn/,v.,涉及；使担心,What concerns me is our lack of preparation. 让,Level 1,Day 7
12,care,/ker/,n.,关怀；忧虑,They hired a nurse to care for her. 他们雇了个护 士来照顾她。,Level 1,Day 7
13,decide,/dɪˈsaɪd/,v.,决定,Think about it very carefully before you decide. 在你决定之前慎重地考虑。 | It's a difficult decision for any doctor. 这对任何 医生来说都是一个困难的决定。,Level 1,Day 7
15,understand,/ˌʌndərˈstænd/,v.,理解，明白,I don't understand what you are talking about. 不明白你在说什么。,Level 1,Day 7
16,doubt,/daʊt/,n.,怀疑,There was little doubt in my mind. 我心里几乎没 有疑问。,Level 1,Day 7
17,wonder,/ˈwʌndər/,v.,想知道,I wondered what that noise was. 我想知道那噪音 是什么。,Level 1,Day 7
18,imagine,/ɪˈmædʒɪn/,v.,想象 出他的反应。 26<< 零基础词汇讲义Level 1,,Level 1,Day 7
19,assume,/əˈsuːm/,v.,设想；承担,I assume that it is his car. 我认为这就是他的车。 | assume responsibility 承担责任,Level 1,Day 7
20,expect,/ɪkˈspekt/,v.,期望；指望,It would be unwise to expect too much. 期望太多 是不明智的。,Level 1,Day 7
21,guess,/ɡes/,v.,猜测,I guess that he is right. 我想他是对的。,Level 1,Day 7
22,consider,/kənˈsɪdər/,v.,考虑；认为,They sat down to consider the problem. 他们坐下 来考虑这一问题。,Level 1,Day 7
23,idea,/aɪˈdiːə/,n.,想法,I really like the idea of helping people. 我非常喜 欢帮助他人这个主意。,Level 1,Day 7
24,garden,/ˈɡɑːrdn/,n.,花园,There's a garden at the front of the house. 房子的 前面有一座花园。,Level 1,Day 7
25,sea,/siː/,n.,海,Most of the rooms face the sea. 多数房间面朝大海。,Level 1,Day 7
26,smile,/smaɪl/,v.,微笑,His smile was warm and friendly. 他的微笑热情 而友好。,Level 1,Day 7
27,more,/mɔːr/,adv.,更多 det. 更多的,More and more people are using the Internet. 来越多人在使用互联网。,Level 1,Day 7
28,get,/ɡet/,v.,得到；变得 [过去式got 过去分词got 现在分词getting 第三人 gets] 称单数 收到戴夫的一封来信。,Don't cry or get angry. 不要哭或者生气。,Level 1,Day 7
29,study,/ˈstʌdi/,n.,学习，研究,He studied History and Economics. 他学过历史 和经济学。,Level 1,Day 7
30,learn,/lɜːrn/,v.,学习；得知,You have to learn to face your problem. 你得学 会面对自己的问题。,Level 1,Day 7
31,teach,/tiːtʃ/,v.,教 [过去式taught 过去分词taught 现在分词teaching],She taught English to Japanese people. 她教日本 人英语。,Level 1,Day 7
32,test,/test/,n.,测试,,Level 1,Day 7
33,education,/ˌedʒuˈkeɪʃn/,n.,教育,The state provides free education. 政府提供免费 教育。,Level 1,Day 7
34,issue,/ˈɪʃuː/,v.,发布；出版,You're just avoiding the issue. 你只不过是在回 避问题。 | They issued a special set of stamps. 他们发行了 一套特别邮票。,Level 1,Day 7
35,report,/rɪˈpɔːrt/,n.,报告,The report will be published on the Internet. 报告 将在互联网上公布。,Level 1,Day 7
36,paper,/ˈpeɪpər/,n.,纸；论文；报纸,You 你不能相信在报纸上读到的所有内容。 | a recent paper in the Journal of Medicine 最近刊 在《医学学报》上的一篇论文,Level 1,Day 7
37,article,/ˈɑːrtɪkl/,n.,文章,My article has been accepted for publication. 我 的文章已被采用准备发表。,Level 1,Day 7
38,course,/kɔːrs/,n.,课程；进程,a French course 法语课程 | These events changed the course of history. 这些 事件改变了历史的进程。,Level 1,Day 7
39,term,/tɜːrm/,n.,术语；学期；期限,,Level 1,Day 7
40,major,/ˈmeɪdʒər/,adj.,主要的；主修的 28<< 零基础词汇讲义Level 1,She majored in History at Stanford. 她在斯坦福 大学主修历史。 | Tokyo is a major financial center. 东京是主要的 金融中心。,Level 1,Day 7
1,information,/ˌɪnfərˈmeɪʃn/,n.,信息,I found this information on their website. 我在他 们的网站上发现了这一信息。,Level 1,Day 8
2,break,/breɪk/,v.,打破 [过去式broke 过去分词broken 现在分词breaking],The plane broke into three pieces. 那架飞机碎成 了3 块。,Level 1,Day 8
3,holiday,/ˈhɒlədi/,n.,假日,During his summer holiday he visited Russia. 假期间他游览了俄罗斯。,Level 1,Day 8
4,college,/ˈkɑːlɪdʒ/,n.,大学；学院,He's hoping to go to college next year.他希望明年 上大学。,Level 1,Day 8
5,university,/ˌjuːnɪˈvɜːrsəti/,n.,大学,Three colleges have come together to create a,Level 1,Day 8
6,book,/bʊk/,n.,书籍,I booked a wake-up call for 4:45 a.m. 我预订了 凌晨4 点45 分的叫醒电话。,Level 1,Day 8
7,page,/peɪdʒ/,n.,页,I drew a line across the page. 我在这一页上画了 一条横线。,Level 1,Day 8
8,author,/ˈɔːθər/,n.,作者 暑 e.g. Who is your favourite author? 你最喜欢哪位作家？,,Level 1,Day 8
9,staff,/stæf/,n.,职员,The staff were very good. 员工们都很棒。,Level 1,Day 8
10,president,/ˈprezɪdənt/,n.,总统；校长,the President of the United States 美国总统,Level 1,Day 8
11,human,/ˈhjuːmən/,,,,Level 1,Day 8
12,race,/reɪs/,n.,比赛；种族,"Who won the race ? 谁赢了赛跑？ | The college welcomes students of all races, faiths, and nationalities. 该学院欢迎来自各种族、有各种 宗教信仰和国籍的学生。 | People are better educated now. 现在人们教育程 度更高了。",Level 1,Day 8
14,person,/ˈpɜːrsn/,n.,人,He's a very caring person. 他是个非常体贴人的人。,Level 1,Day 8
15,personal,/ˈpɜːrsənl/,adj.,个人的,This is just a personal opinion. 这只是个人意见。,Level 1,Day 8
16,individual,/ˌɪndɪˈvɪdʒuəl/,adj.,个人的,What can you do as an individual? 作为个人你能 做些什么呢？,Level 1,Day 8
17,Internet,/ˈɪntərnet/,n.,因特网；互联网,More and more people are using the Internet. 来越多人在使用互联网。,Level 1,Day 8
18,robot,/ˈroʊbɑːt/,,,These cars are built by robots.这些汽车是由机器,Level 1,Day 8
19,communication,/kəˌmjuːnɪˈkeɪʃn/,n.,通讯；交流,Good communication is key to our success. 良好 的沟通是我们成功的关键。,Level 1,Day 8
20,born,/bɔːrn/,v.,出生,I was born on Christmas Day. 我出生在圣诞节。,Level 1,Day 8
21,aspect,/ˈæspekt/,n.,方面,Climate and environment affect aspects of our lives. 气候和环境影响我们生活的方方面面。,Level 1,Day 8
22,work,/wɜːrk/,n.,工作；作品,95 percent of these diets do not work. 这些节食 方法中的95%都不奏效。,Level 1,Day 8
23,job,/dʒɒb/,n.,工作；职业,Thousands of people have lost their jobs. 数千人 都丢了工作。,Level 1,Day 8
24,career,/kəˈrɪr/,n.,职业；事业,"During his career, he wrote more than fifty plays. 在他创作生涯里，他写了五十多部剧作。",Level 1,Day 8
25,firm,/fɜːrm/,n.,越 公司,a law firm 一家法律公司 | He made a firm decision. 他作出了明确的决定。,Level 1,Day 8
26,company,/ˈkʌmpəni/,,,,Level 1,Day 8
27,industry,/ˈɪndəstri/,n.,产业；工业,We are becoming one of the market leaders in fashion industry. 我们正在成为时装行业的领军者 之一。 | What are your office hours ? 你的办公时间是几 点到几点？,Level 1,Day 8
29,officer,/ˈɑːfɪsər/,n.,政府官员,An officer's job was to set an example. 一个官员 的任务就是树立榜样。,Level 1,Day 8
30,official,/əˈfɪʃl/,adj.,官方的；正式的,an official statement 官方声明,Level 1,Day 8
31,manage,/ˈmænɪdʒ/,v.,管理；经营,Managing your time is important. 管理好你的时 间很重要。,Level 1,Day 8
32,management,/ˈmænɪdʒmənt/,n.,管理；管理部门,We need to get more women into top management. 我们需要让更多的女性进入高管层。 年加 e.g. She has a seat on the board of directors. 她是董事 会成员。,Level 1,Day 8
34,position,/pəˈzɪʃn/,n.,位置；职位,He held a senior position in a large company.他在 一家大公司担任高级职务。 the 35. employ /ɪmˈplɔɪ/ | How many people does the company employ? 这 个公司雇用了多少人？,Level 1,Day 8
36,leader,/ˈliːdər/,n.,领导者,"She is a leader, not a follower. 她是领导者，不 是追随者。",Level 1,Day 8
37,nation,/ˈneɪʃn/,n.,国家；民族,It 一个感动了全民族的故事。,Level 1,Day 8
38,national,/ˈneɪʃn/,adj.,国家的,She's fighting for a place in the national team. 她 正努力争取加入国家队。,Level 1,Day 8
39,international,/ˌɪntərˈnæʃnəl/,adj.,国际的,There will be a working group on international issues. 他们会成立一个国际问题工作组。,Level 1,Day 8
40,country,/ˈkʌntri/,n.,国家；乡村,He entered the country illegally. 他通过非法途径 进入了这个国家。,Level 1,Day 8
1,city,/ˈsɪti/,n.,城市,We took some photos of the city. 我们拍了一些 这个城市的照片。,Level 1,Day 9
2,town,/taʊn/,n.,城镇,He lives the other side of town. 他住在城镇的另 一端。,Level 1,Day 9
3,village,/ˈvɪlɪdʒ/,n.,村庄,Her books are about village life. 她的书是关于乡 村生活的。,Level 1,Day 9
4,local,/ˈloʊkl/,adj.,当地的,She teaches at our local school. 她在我们当地的 学校任教。,Level 1,Day 9
5,region,/ˈriːdʒən/,n.,地区 线｜教研团队,Home prices are holding steady in most regions. 大多数地区的房价保持稳定。 32<< 零基础词汇讲义Level 1,Level 1,Day 9
6,area,/ˈeriə/,n.,区域,The survey was carried out in both urban and rural areas. 该调查在城市和乡村地区都开展了。,Level 1,Day 9
7,community,/kəˈmjuːnəti/,n.,社区；团体,The sense of community is lost. 团体意识没有了。,Level 1,Day 9
8,society,/səˈsaɪəti/,n.,社会；社团,We live in a multicultural society. 我们生活在一 个多元文化的社会中。,Level 1,Day 9
9,social,/ˈsoʊʃl/,adj.,社会的；社交的,social issues 社会问题 | a busy social life 繁忙的社交生活,Level 1,Day 9
10,produce,/prəˈdjuːs/,v.,生产；产生,The region produces over 50% of the country's wheat.这个地区出产全国50%以上的小麦。,Level 1,Day 9
11,production,/prəˈdʌkʃn/,,,,Level 1,Day 9
12,population,/ˌpɑːpjuˈleɪʃn/,n.,人口,The area has seen a rapid population growth. 地区人口快速增长。,Level 1,Day 9
13,railroad,/ˈreɪlroʊd/,n.,铁路；铁路公司,The railroad connects two cities. 这条铁路连接,Level 1,Day 9
14,quit,/kwɪt/,v.,退出；放弃,I decided to quit smoking. 我决定戒烟。,Level 1,Day 9
15,relate,/rɪˈleɪt/,v.,涉及；与……有某种联系,It is difficult to relate the two ideas in my mind. 我很难把这两种想法联系在一起。,Level 1,Day 9
16,relation,/rɪˈleɪʃn/,n.,关系,The relation between employees and employers becoming tense. 员工和雇主之间的关系变得紧张 起来。,Level 1,Day 9
17,relationship,/rɪˈleɪʃnʃɪp/,n.,关系,They decided to end their relationship. 他们决定 断绝关系。,Level 1,Day 9
18,culture,/ˈkʌltʃər/,n.,文化，文明,The children are taught to respect different 文化。,Level 1,Day 9
19,environment,/ɪnˈvaɪrənmənt/,,,The environment has become a very hot issue. 环,Level 1,Day 9
20,public,/ˈpʌblɪk/,n.,公众,The park is now open to the public. 那公园现在 对公众开放了。,Level 1,Day 9
21,customer,/ˈkʌstəmər/,n.,顾客,The firm has great customer relations. 此公司与 客户关系极好。,Level 1,Day 9
22,child,/tʃaɪld/,n.,儿童[复数children],"When I was a child, I lived in a village. 小时候我 住在乡村里。",Level 1,Day 9
23,adult,,adj.,成年的 is e.g. Children must be accompanied by an adult. 儿童 必须要有大人陪同。,,Level 1,Day 9
24,parent,/ˈperənt/,n.,父母,Children need their parents. 孩子们需要父母。,Level 1,Day 9
25,male,/meɪl/,adj.,男性的；雄性的,a male bird 雄鸟,Level 1,Day 9
26,female,/fiːmeɪl/,adj.,女性的；雌性的,,Level 1,Day 9
27,friend,/frend/,n.,朋友,I still want to be friends with Alison. 我仍然希望 同艾莉森做朋友。,Level 1,Day 9
28,group,/ɡruːp/,n.,组；团体,Our group meets on Friday mornings. 我们的组 员每周五上午碰面。,Level 1,Day 9
29,together,/təˈɡeðər/,,,We went on holiday together last summer.,Level 1,Day 9
30,alone,/əˈloʊn/,adj.,单独的,They avoid going out alone. 他们避免独自出门。,Level 1,Day 9
31,network,/ˈnetwɜːrk/,n.,网络；关系网,This is a secure network. 这是一个安全的网络。,Level 1,Day 9
32,match,/mætʃ/,n.,比赛；匹配,Tonight is the biggest match of his career. 今晚是 他职业生涯中最重要的比赛。,Level 1,Day 9
33,interest,/ˈɪntrest/,n.,兴趣；利益,Her main interests are music and tennis.她的主要 爱好是音乐和网球。 34<< 零基础词汇讲义Level 1 government.这些改革对地方政府最有利。,Level 1,Day 9
34,propose,/prəˈpoʊz/,v.,提议；求婚,We propose an early start tomorrow. 我们提议明 天早早出发。,Level 1,Day 9
35,proposal,/prəˈpoʊzl/,n.,提议；求婚,This proposal has attracted a lot of interest. 这个 提案引起了很大的兴趣。,Level 1,Day 9
36,marry,/ˈmæri/,v.,结婚,They married a month after they met. 去年 他们在认 识一个月后就结婚了。,Level 1,Day 9
37,family,/ˈfæməli/,n.,家庭,The company was a family business. 这家公司是 一个家族企业。,Level 1,Day 9
38,wear,/wer/,v.,穿，戴 [过去式wore 过去分词worn 现在分词wearing],He was wearing a brown uniform. 他穿着一件棕 色制服。,Level 1,Day 9
39,kind,/kaɪnd/,n.,种类,three kinds of cakes 三种蛋糕,Level 1,Day 9
40,young,/jʌŋ/,adj.,年轻的 local e.g. He seems so young. 他看来那么年轻。,,Level 1,Day 9
1,sale,/seɪl/,n.,销售；出售,Tickets go on sale this week. 票本周开始出售。,Level 1,Day 10
2,sell,/sel/,v.,销售；出卖 [过去式sold 过去分词sold 现在分词selling],When is the best time to sell? 什么时候才是出售 的最佳时机呢?,Level 1,Day 10
3,shop,/ʃɑːp/,n.,商店,He is managing the shop. 他经营着该商店。,Level 1,Day 10
4,store,/stɔːr/,n.,商店；储备,Where in the brain do we store information about colors? 我们在大脑的哪个地方存储有关颜色的 信息？,Level 1,Day 10
5,system,/ˈsɪstəm/,n.,制度；系统,Their education system is useless. 他们的教育制 10 list shop store system case keep business result service pay price free rate trade own agent basic hug generous feedback airport seldom,Level 1,Day 10
6,program,/ˈproʊɡræm/,n.,程序,Load the program into the computer.把程序输入 电脑。,Level 1,Day 10
7,point,/pɔɪnt/,n.,观点；重点；得分,She made some interesting points in the report. 她 在报告中提出了几个有趣的观点。,Level 1,Day 10
8,case,/keɪs/,n.,情况,"If that is the case, we need more staff. 如果真是 那样，我们就需要更多的员工了。",Level 1,Day 10
9,keep,/kiːp/,v.,保持 [过去式kept 过去分词kept 现在分词keeping],Keep away from the doors while the train is moving. 列车运行时请远离车门。,Level 1,Day 10
10,business,/ˈbɪznəs/,,,,Level 1,Day 10
11,market,/ˈmɑːrkɪt/,n.,市场,He likes to shop at the local market. 他喜欢到本 地市场买东西。,Level 1,Day 10
12,plan,/plæn/,n.,计划,The plan was generally welcomed. 这个计划受 到普遍的欢迎。,Level 1,Day 10
13,result,/rɪˈzʌlt/,n.,结果,Many hair problems result from what you eat. 多头发问题是由你吃的东西引起的。,Level 1,Day 10
14,service,/ˈsɜːrvɪs/,n.,服务,The local bus service is good. 当地的公交线路运 营良好。,Level 1,Day 10
15,pay,/peɪ/,v.,支付 [第三人称单数pays 过去式paid 过去分词paid 在分词paying],to pay a bill 支付账单,Level 1,Day 10
16,cost,/kɔːst/,v.,花费；使付出 36<< 零基础词汇讲义Level 1 [过去式cost 过去分词cost 现在分词costing],to cut costs 降低成本 | How much did it cost?这东西要多少钱？,Level 1,Day 10
17,spend,/spend/,v.,度过；花费 [过去式spent 过去分词spent 现在分词spending],I spend too much time watching television.我看电 视花的时间太多。,Level 1,Day 10
18,price,/praɪs/,n.,价格；代价,The price of gold was going up. 黄金的价格上 涨了。,Level 1,Day 10
19,free,/friː/,adj.,免费的；自由的,She spent her free time shopping. 她将空闲时间 很 花在购物上。,Level 1,Day 10
20,rate,/reɪt/,n.,率,The birth rate fell to a record low last year. 去年 的出生率降到了创纪录的最低点。,Level 1,Day 10
21,account,/əˈkaʊnt/,n.,账户；描述 现 e.g. I don't have a bank account. 我没有银行账户。,Several factors might account for the problem. 有 以下几个因素可以解释这个现象。 | The Japanese market accounts for 35% of the company's revenue.日本市场占该公司收入的35%。,Level 1,Day 10
22,amount,/əˈmaʊnt/,,,,Level 1,Day 10
23,trade,/treɪd/,n.,贸易,I am willing to make a trade with you. 我愿意和 你做个交易。,Level 1,Day 10
24,own,/oʊn/,adj.,自己的,They enjoy making their own decisions. 他们喜 欢做他们自己的决定。,Level 1,Day 10
25,agent,/ˈeɪdʒənt/,n.,代理人,an insurance agent 保险经纪人,Level 1,Day 10
26,agency,/ˈeɪdʒənsi/,n.,代理，中介,a local housing agency 一家当地房屋中介,Level 1,Day 10
27,base,/beɪs/,n.,基础；基地,She used her family's history as a base for novel.她以她的家族史作为小说的素材。,Level 1,Day 10
28,basic,/ˈbeɪsɪk/,adj.,基本的；基础的,Contact with other people is a basic human 和他人接触是人的基本需要。,Level 1,Day 10
29,hug,/hʌɡ/,n.,拥抱 [过去式hugged 过去分词hugged 现在分词hugging],She gave her mother a big hug. 她热烈地拥抱了 她的母亲。,Level 1,Day 10
30,generous,/ˈdʒenərəs/,adj.,慷慨的，大方的,"He was a warm, generous and kind-hearted man. 他是个热情、大方又热心肠的人。",Level 1,Day 10
31,wisdom,/ˈwɪzdəm/,n.,智慧,Experience is the mother of wisdom. 经验为智慧 之母。,Level 1,Day 10
32,goods,/ɡʊdz /,n.,商品,You can buy our goods over the Internet. 可以通 过互联网购买我们的货品。,Level 1,Day 10
33,feedback,/ˈfiːdbæk /,n.,反馈,The 师会对你的测验提供反馈信息。,Level 1,Day 10
34,airport,/ˈerpɔːrt/,n.,机场,Will you meet me at the airport? 你到机场接我 好吗？ her 35. seldom /ˈseldəm/ | They seldom watch television these days. 这些日 子他们很少看电视。 need. 36. flaw /flɔː/ | There was a flaw in the plan. 计划中有一个缺陷。,Level 1,Day 10
37,shortage,/ˈʃɔːrtɪdʒ/,n.,缺乏，不足,,Level 1,Day 10
38,intelligent,/ɪnˈtelɪdʒənt/,adj.,智能的；聪明的,She's even more intelligent than her sister. 她甚至 比她姐姐还聪明。,Level 1,Day 10
39,fact,/fækt/,n.,岛 事实；真相,"That sounds simple, but in fact it's very difficult. 那听起来很简单，但实际上非常难。",Level 1,Day 10
40,factor,/ˈfæktər/,n.,因素,Confidence is the key factor in success. 自信是成 功的关键因素。,Level 1,Day 10
1,part,/pɑːrt/,n.,部分；角色,The crowd parted in front of them. 人群在他们面 前分开了。 | The Internet has become part of everyday life. 联网已成为日常生活的一部分。,Level 1,Day 11
2,party,/ˈpɑːrti/,n.,党派；派对,We threw a huge birthday party. 我们举办了一 次盛大的生日派对。,Level 1,Day 11
3,park,/pɑːrk/,n.,公园,He found a place to park the car. 他找到了一个 停车的地方。,Level 1,Day 11
4,film,/fɪlm/,n.,电影 线｜教研团队,I missed the end of the film. 我错过了影片的 结尾。 11 list park film movie choose choice option available deal detail rule role quality able ability experience number percent data,Level 1,Day 11
5,movie,/ˈmuːvi/,n.,电影,The movie has an exciting opening. 电影的开头 非常刺激。,Level 1,Day 11
6,form,/fɔːrm/,n.,形式；表格 互 v. 构成,An idea formed in his mind. 一个想法在他的脑 子里形成了。,Level 1,Day 11
7,team,/tiːm/,n.,队,You need to be able to work as part of a team. 你 必须能作为团队的一员去工作。,Level 1,Day 11
8,choose,/tʃuːz/,v.,选择，决定 [过去式chose 过去分词chosen 现在分词choosing],Many people choose not to marry. 许多人选择不 结婚。,Level 1,Day 11
9,choice,/tʃɔɪs/,n.,选择,,Level 1,Day 11
10,option,/ˈɑːpʃn/,n.,选项；选择权,Students have the option of studying abroad in second year.学生在二年级时可以选择出国学习。,Level 1,Day 11
11,avoid,/əˈvɔɪd/,v.,避免；回避,You should avoid mentioning his work. 你应该避 免提及他工作的事。 | Remember to call me when you arrive! 你到了之 后别忘了给我打电话！,Level 1,Day 11
13,available,/əˈveɪləbl/,adj.,可获得的,All the options are now available. 所有的方案现 在均可选择。,Level 1,Day 11
14,deal,/diːl/,n.,交易 [过去式dealt 过去分词dealt 现在分词dealing 人称单数deals],a great deal of money 许多钱 | We must take steps to deal with the problem. 们必须采取措施处理这个问题。,Level 1,Day 11
15,detail,/ˈdiːteɪl/,n.,细节,He had an eye for detail. 他很善于发现并记住细节。,Level 1,Day 11
16,product,/ˈprɑːdʌkt/,,,Try to get the best product at the lowest price.,Level 1,Day 11
17,purchase,/ˈpɜːrtʃəs/,v.,购买 their e.g. They purchased the land for $1 million. 他们以 100 万美元买下了这块土地。,,Level 1,Day 11
18,rule,/ruːl/,n.,规则,to break a rule 违反规定 | The court has not ruled on the case. 法院尚未对 此案做出裁决。,Level 1,Day 11
19,role,/roʊl/,n.,角色；作用,Money played an important role in his life. 金钱 在他的生活中扮演了重要的角色。,Level 1,Day 11
20,quality,/ˈkwɑːləti/,n.,质量,Everyone can greatly improve the quality of life. 人人都能大幅提高生活质量。 第三 21. activity /ækˈtɪvəti/ | Reading can be a social activity. 阅读也可以是 我 一项社交活动。,Level 1,Day 11
22,security,/sɪˈkjʊrəti/,n.,安全,They are seriously concerned about security. 他们 非常关注安全问题。,Level 1,Day 11
23,able,/ˈeɪbl/,adj.,能；有能力的,You must be able to speak French for this job.干 尽,Level 1,Day 11
24,ability,/əˈbɪləti/,n.,能力,No one doubted his ability. 没有人怀疑他的能力。,Level 1,Day 11
25,experience,/ɪkˈspɪriəns /,n.,经验；经历,The book is based on personal experience. 是根据个人经历写成的。,Level 1,Day 11
26,glory,/ˈɡlɔːri /,,,She wanted to enjoy her moment of glory. 她希望,Level 1,Day 11
27,flu,/fluː/,n.,流感,I got the flu. 我得了流感。,Level 1,Day 11
28,number,/ˈnʌmbər/,n.,数量；数字,A large number of people have applied for the 许多人申请了这工作。 *补充：a number of 大量的,Level 1,Day 11
29,percent,/pərˈsent/,n.,百分数,Costs have been cut by 30 percent. 开销已经减少 了30%。,Level 1,Day 11
30,data,/ˈdeɪtə/,n.,数据,"The study was based on data from 2,100 women. 此项研究以从2100位女性身上获得的资料为依据。",Level 1,Day 11
31,share,/ʃer/,n.,股份；份额,I want to share my life with you. 我想和你共享 生活。 | a fall in share prices 股票价格的跌落,Level 1,Day 11
32,half,/hɑːf/,n.,一半,He has a half share in the company. 本书 他拥有该公 司的一半股份。,Level 1,Day 11
33,stock,/stɑːk/,n.,股份；库存,He made a fortune on the stock market. 他在股票 市场发了大财。,Level 1,Day 11
34,balance,/ˈbæləns/,n.,平衡,The government has to balance these two needs. 政府得平衡这两种需求。 job. 35. add /æd/ | Shall I add your name to the list?我可以把你的名 字写进名单吗？,Level 1,Day 11
36,rise,/raɪz/,v.,升起；(数量)增加 [过去式rose 过去分词risen 现在分词rising ],There has been a sharp rise in the number of people out of work.失业人数急剧增长。,Level 1,Day 11
37,raise,/reɪz/,v.,提高；养育；上升,We have to raise our prices because of rising costs.,Level 1,Day 11
38,reduce,/rɪˈduːs/,v.,减少；降低,Costs have been reduced by 20% over the year. 过去一年，各项费用已经减少了20%。,Level 1,Day 11
39,drop,/drɑːp/,v.,下降 42<< 零基础词汇讲义Level 1,His blood pressure dropped severely. 他的血压 急剧下降。,Level 1,Day 11
40,increase,/ɪnˈkriːs/,n.,增加,There was a 20% increase in sales. 销售量增加了 20%。,Level 1,Day 11
1,happen,/ˈhæpən/,v.,发生,Nobody knows what will happen next. 没有人知 道接下来将会发生什么事。,Level 1,Day 12
2,appear,/əˈpɪr/,v.,出现；似乎,An image began to appear on the screen. 屏幕上 出现了一幅图像。 | She didn't appear surprised at the news.她听到这 消息时，没有显得惊讶。,Level 1,Day 12
3,occur,/əˈkɜːr/,v.,发生；出现,Something unexpected occurred. 发生了一件出 乎意料的事。,Level 1,Day 12
4,lack,/læk/,n.,缺乏，不足,He lacks confidence.他缺乏信心 | a lack of food 缺乏食物 线｜教研团队,Level 1,Day 12
5,enough,/ɪˈnʌf/,adv.,足够地 12,,Level 1,Day 12
6,compare,/kəmˈper/,v.,比较,We compared the two reports carefully.我们仔细 地比较了两个报告。,Level 1,Day 12
7,improve,/ɪmˈpruːv/,v.,改善，提高,I need to improve my English. 我需要提高我的 英语水平。,Level 1,Day 12
8,focus,/ˈfoʊkəs/,n.,焦点,The discussion focused on three main problems. 讨论集中在三个主要问题上。,Level 1,Day 12
9,involve,/ɪnˈvɒlv/,v.,包含；牵涉,Parents should involve themselves in their child's education. 父母应当参与孩子的教育。,Level 1,Day 12
10,link,/lɪŋk/,,,,Level 1,Day 12
11,matter,/ˈmætər/,n.,事件,It's a matter of personal preference. 那是个人的 爱好问题。,Level 1,Day 12
12,fake,/feɪk/,n.,假货,He isn't a fake. 他不是一个骗子。,Level 1,Day 12
13,bonus,/ˈboʊnəs/,n.,奖金,Almost nobody trusts the bonus system. 几乎没 有人相信奖金制度。,Level 1,Day 12
14,worth,/wɜːrθ/,adj.,值得的,This idea is well worth considering. 这个想法很 值得考虑。,Level 1,Day 12
15,worthy,/ˈwɜːrði/,adj.,值得的,The book is well worthy of his reputation. 这本书 完全配得上他的声望。,Level 1,Day 12
16,grow,/ɡroʊ/,v.,发展；生长 [过去式grew 过去分词grown 现在分词growing] 展独自的个性。 44<< 零基础词汇讲义Level 1,,Level 1,Day 12
17,growth,/ɡroʊθ/,n.,发展；生长,The area has seen a rapid population growth. 这个 地区人口快速增长。,Level 1,Day 12
18,worldwide,/ˈwɜːldwaɪd/,adj.,全世界的,The story has attracted worldwide attention. 这件 事已经引起了全世界的关注。,Level 1,Day 12
19,home,/hoʊm/,n.,家；家乡,at home and abroad 国内外,Level 1,Day 12
20,house,/haʊs/,n.,住宅；家庭,The,Level 1,Day 12
21,room,/ruːm/,n.,房间；空间,a living room 起居室,Level 1,Day 12
22,door,/dɔːr/,n.,门,There's someone at the door. 门口有个人。,Level 1,Day 12
23,wall,/wɔːl/,n.,墙壁,She climbed over the wall. 她翻过墙去。,Level 1,Day 12
24,window,/ˈwɪndoʊ/,n.,窗户,I climbed through the window. 我从窗口爬了出来。,Level 1,Day 12
25,floor,/flɔːr/,n.,地面；楼层,,Level 1,Day 12
26,ground,/ɡraʊnd/,n.,地面；根据，理由,He threw me to the ground. 他把我摔倒在地。 | In the interview he gave some grounds optimism. 采访中他给出了一些乐观的理由。,Level 1,Day 12
27,key,/kiː/,n.,钥匙；关键,Cost was a key factor in our decision. 价钱是我 们决策时考虑的主要因素。,Level 1,Day 12
28,table,/ˈteɪbl/,n.,桌子；表格,The table is six feet long. 那张桌子长六英尺。,Level 1,Day 12
29,department,/dɪˈpɑːrtmənt/,n.,部门,He moved to the sales department. 他调到了 销售部。,Level 1,Day 12
30,dollar,/ˈdɑːlər/,n.,美元,She gets paid seven dollars an hour. 她的报酬是 每小时7 美元。,Level 1,Day 12
31,degree,/dɪˈɡriː/,n.,程度；学位,"These statements are, to some degree, all correct. 这些陈述在某种程度上都正确。 | She's reading for a law degree. 她在攻读法学学位。",Level 1,Day 12
32,gain,/ɡeɪn/,v.,获得,Students can gain valuable experience by working on the campus radio. 学生们通过在校园广播台工作 能够获得宝贵的经验。,Level 1,Day 12
33,earn,/ɜːrn/,v.,赚得；获得 for e.g. He earns about $40 000 a year. 他一年大约挣 4 万美元。,,Level 1,Day 12
34,credit,/ˈkredɪt/,n.,学分；信任；荣誉,We did all the work and she gets all the credit! 工 作都是我们干的，而功劳却都归了她！ | My math class is worth three credits.我的数学课 为三个学分。 | Are you paying in cash or by credit card ? 您付现 金还是用信用卡？,Level 1,Day 12
35,bill,/bɪl/,n.,法案；账单,They | the Education Reform Bill 教育改革法案,Level 1,Day 12
36,mile,/maɪl/,n.,英里,She lives just half a mile away. 她就住在半英里 之外。,Level 1,Day 12
37,income,/ˈɪnkʌm/,n.,收入,What is their main source of income? 他们的主 要收入来源是什么？,Level 1,Day 12
38,profit,/ˈprɑːfɪt/,n.,利润,They will make a handsome profit. 他们将赚取 一笔可观的利润。,Level 1,Day 12
39,train,/treɪn/,n.,火车,He is training for the new season. 他正在为新赛 季进行训练。 46<< 零基础词汇讲义Level 1,Level 1,Day 12
40,station,/ˈsteɪʃn/,n.,车站,The train arrived at the station 20 minutes late. 火 车迟了20 分钟到站。,Level 1,Day 12
1,pretty,/ˈprɪti/,adj.,漂亮的,I'm pretty sure that he will agree. 他会同意的， 对此我相当有把握。,Level 1,Day 13
2,nice,/naɪs/,adj.,美好的,You look very nice. 你很好看。,Level 1,Day 13
3,weight,/weɪt/,n.,重量,She is trying to lose weight. 她正在设法减肥。,Level 1,Day 13
4,figure,/ˈfɪɡjər/,n.,数字；人物,"a leading figure in the music industry 音乐界一位 主要人物 | By 2004, this figure had risen to 14 million. 2004 年为止，这个数字已增长到1400 万。 | We could figure out the problem. 线｜教研团队 我们可以解决 这个问题。",Level 1,Day 13
5,shape,/ʃeɪp/,n.,形状,,Level 1,Day 13
6,health,/helθ/,n.,健康,We all desire health and happiness. 我们都渴望 健康和幸福。,Level 1,Day 13
7,model,/ˈmɑːdl/,n.,模型；模特,She is a model student. 她是模范学生。,Level 1,Day 13
8,behavior,/bɪˈheɪvjər/,n.,行为，举止,We should not reward bad behavior. 我们不应当 奖励坏的行为。,Level 1,Day 13
9,site,/saɪt/,n.,地点,This site has been chosen for the new school. 这 块场地已被选作新学校的校址。,Level 1,Day 13
10,size,/saɪz/,,,,Level 1,Day 13
11,image,/ˈɪmɪdʒ/,n.,图像；形象,His public image is very different from the person.他在公众心目中的形象与他真实的本人截 然不同。,Level 1,Day 13
12,picture,/ˈpɪktʃər/,n.,照片,The picture shows a side view of the house. 图是房子的侧面。,Level 1,Day 13
13,fun,/fʌn/,n.,乐趣,Have fun! 尽情地玩吧！,Level 1,Day 13
14,disease,/dɪˈziːz/,n.,疾病,The disease spreads easily. 这种疾病容易传播。,Level 1,Day 13
15,doctor,/ˈdɑːktər/,n.,医生；博士,He is a doctor of philosophy. 他是一位哲学博士。,Level 1,Day 13
16,patient,/ˈpeɪʃnt/,adj.,有耐心的,Please be patient. 请耐心点儿。,Level 1,Day 13
17,hospital,/ˈhɑːspɪtl/,n.,医院,I met her at the hospital. 我在医院遇见了她。 48<< 零基础词汇讲义Level 1 | He is quite a serious person. 他是一个相当严肃 的人。,Level 1,Day 13
19,kill,/kɪl/,v.,杀死 real e.g. Cancer kills thousands of people every year. 每年 数以千计的人死于癌症。,,Level 1,Day 13
20,save,/seɪv/,v.,节省；保存；救助,We should try to save water. 我们应设法节约用水。 | Doctors were unable to save her. 医生未能把她救活。 | Save some food for me. 这张 给我留点吃的。,Level 1,Day 13
21,effort,/ˈefərt/,n.,努力,Everybody should make an effort to reduce pollution. 每个人都应为减少污染尽一份力。,Level 1,Day 13
22,fire,/ˈfaɪər/,n.,火,It took two hours to put out the fire. 用了两小时 才把火扑灭。 | She got fired from her first job. 她第一次工作就 被解雇。,Level 1,Day 13
23,line,/laɪn/,n.,线；行,The telephone lines went dead. 电话线路不通了。,Level 1,Day 13
24,drug,/drʌɡ/,n.,药；毒品,This drug is used to lower blood pressure. 这种药 用于降血压。,Level 1,Day 13
25,treat,/triːt/,,,,Level 1,Day 13
26,treatment,/ˈtriːtmənt/,n.,治疗，疗法,He had to go to hospital for treatment. 他不得不 去医院接受治疗。,Level 1,Day 13
27,strategy,/ˈstrætədʒi/,n.,策略,,Level 1,Day 13
28,standard,/ˈstændərd/,n.,标准,People enjoy a high standard of living. 人民享有 很高的生活水平。,Level 1,Day 13
29,solution,/səˈluːʃn/,n.,解决方案,I managed to find a solution to the problem. 法找出了解决问题的办法。,Level 1,Day 13
30,heaven,/ˈhevn/,n.,天堂,The island is truly a heaven on earth. 那座岛堪称 人间天堂。,Level 1,Day 13
31,headline,/ˈhedlaɪn/,n.,标题；头版头条新闻,I'll never forget today's local newspaper headline. 我永远不会忘记今天当地报纸上的新闻头条。,Level 1,Day 13
32,investment,/ɪnˈvestmənt/,n.,投资 投资而不是一种花费。,,Level 1,Day 13
33,well-known,/ˌwel ˈnoʊn/,adj.,著名的；众所周知的,Peking University is very well-known. 北京大学 是非常著名的。,Level 1,Day 13
34,tide,/taɪd/,n.,潮流；潮汐,The tide was at its highest. 潮水那时正处于最高位。,Level 1,Day 13
35,evidence,/ˈevɪdəns/,n.,证据,We found further evidence for this theory.我们找 到了进一步证实这种理论的根据。,Level 1,Day 13
36,prove,/pruːv/,v.,证明,This information could prove useful. 这条信息也 许有用。,Level 1,Day 13
37,support,/səˈpɔːrt/,v.,支持；帮助,The president gave his full support to the reforms. 我设 该总统对改革予以了全力的支持。,Level 1,Day 13
38,capital,/ˈkæpɪtl/,n.,首都；资金,Companies are having difficulty in raising capital. 各公司在融资方面遇到麻烦。,Level 1,Day 13
39,gradual,/ˈɡrædʒuəl/,adj.,逐渐的；平缓的,Losing weight is a slow and gradual process. 减肥 是一个缓慢而逐渐的过程。,Level 1,Day 13
40,eager,/ˈiːɡər/,adj.,渴望的,She is eager for her parents' praise. 她渴望得到 父母的赞许。,Level 1,Day 13
1,history,/ˈhɪstri/,n.,历史；历史记录,He had a history of drinking problems. 他有酗酒 的记录。,Level 1,Day 14
2,government,/ˈɡʌvərnmənt/,n.,政府,They hope to form the new government. 他们希 望组建新政府。,Level 1,Day 14
3,policy,/ˈpɑːləsi/,n.,政策,They are arguing over foreign policy. 他们在讨 论外交政策。,Level 1,Day 14
4,political,/pəˈlɪtɪkl/,adj.,政治的,She enjoyed political life. 她喜爱政治生活。,Level 1,Day 14
5,war,/wɔːr/,n.,战争,civil war 内战 | The war was finally at an end. 线｜教研团队 战争终于结束了。,Level 1,Day 14
6,event,/ɪˈvent/,n.,事件 50<< 零基础词汇讲义Level 1 14,,Level 1,Day 14
7,main,/meɪn/,adj.,主要的,The main thing is to remain calm. 最重要的是要 保持冷静。,Level 1,Day 14
8,join,/dʒɔɪn/,v.,参加,They may apply to join the organization. 他们可 能申请加入该组织。,Level 1,Day 14
9,act,/ækt/,v.,行动；表现,an Act of Congress 一项议会法案 | You must act confidently. 你必须表现得自信。,Level 1,Day 14
10,action,/ˈækʃn/,n.,行动,"As always, Peter had a reason for his action. 如往 常一样，彼得对他的行为总有理由。",Level 1,Day 14
11,art,/ɑːrt/,n.,艺术,,Level 1,Day 14
12,air,/er/,n.,空气；天空,Let's go out for some fresh air. 咱们出去呼吸点 新鲜空气。 | air travel 乘飞机旅行,Level 1,Day 14
13,vote,/voʊt/,n.,投票,Did you vote for or against her? 你投了她的赞成,Level 1,Day 14
14,stage,/steɪdʒ/,n.,阶段；舞台,The product is at the design stage. 产品处于设计 阶段。,Level 1,Day 14
15,attention,/əˈtenʃn/,n.,注意力,We must pay attention to this point. 我们必须注 意这一点。,Level 1,Day 14
16,election,/ɪˈlekʃn/,n.,选举,We had an election last year. 我们去年进行了一 次选举。,Level 1,Day 14
17,fund,/fʌnd/,n.,基金；资金,The concert will raise funds for research AIDS. 这场音乐会将为艾滋病研究筹集资金。,Level 1,Day 14
18,measure,/ˈmeʒər/,n.,测量；措施,This measure means higher taxes in the long 从长远来看这项举措的结果就是要多纳税。,Level 1,Day 14
19,attack,/əˈtæk/,n.,攻击；抨击,He publicly attacked the people. 他公开抨击了那 些人。,Level 1,Day 14
20,foreign,/ˈfɔːrən/,adj.,外国的；外交的,They dream of travelling to foreign lands. 他们梦 想去外国旅游。,Level 1,Day 14
21,language,/ˈlæŋɡwɪdʒ/,n.,语言,Students should learn a second language. 学生们 应该学习一门第二语言。,Level 1,Day 14
22,campaign,/kæmˈpeɪn/,n.,运动；活动,a campaign of air attacks 空袭行动,Level 1,Day 14
23,hit,,v.,打击；袭击 [过去式hit 过去分词hit 现在分词hitting],That car nearly hit us! 那辆车差点撞了我们！ | The plan is going to hit me hard. 这一方案会严 重影响到我。 | The song became a hit in 1945. 这首歌在1945 年 取得了巨大成功。 into 24. fit /fɪt/,Level 1,Day 14
25,fix,/fɪks/,v.,固定；维修；安排,The date of the election was fixed. 选举的日期定 下来了。 | I have fixed the problem.我已解决了这个问题。,Level 1,Day 14
26,sole,/soʊl/,adj.,唯一的；单独的,My sole reason for coming here was to see you. 到这儿唯一的原因就是来看你。,Level 1,Day 14
27,direct,/dəˈrekt/,v.,导演；指向,He directed various TV shows. 他导演过各种电 视节目。,Level 1,Day 14
28,director,/dəˈrektər/,n.,主管；导演,a regional director 地区主管,Level 1,Day 14
29,lose,/luːz/,v.,丢失；输 [过去式lost 过去分词lost 现在分词losing],to lose a game 输掉比赛 | I have lost my keys.我把钥匙丢了。,Level 1,Day 14
30,loss,/lɔːs/,n.,亏损；遗失,The company has announced net losses of million. 公司宣告净亏损150 万元。,Level 1,Day 14
31,trip,/trɪp/,n.,旅行,"I hope you enjoy your trip. 祝你旅途愉快。 52<< 零基础词汇讲义Level 1 | When sound travels through water, strange things can happen. 当声音在水中传播时，奇怪的事情会发生。",Level 1,Day 14
33,enjoy,/ɪnˈdʒɔɪ/,v.,享受；喜爱,I enjoy playing basketball. 我喜欢打篮球。,Level 1,Day 14
34,single,/ˈsɪŋɡl/,adj.,我 单一的；单身的,Is it difficult being a single mother? 当单身母亲 难吗？,Level 1,Day 14
35,couple,/ˈkʌpl/,n.,一对；夫妇,The couple have no children. 这对夫妇没有孩子。 | I think the trouble will clear up in a couple of days. 我想几天内麻烦就会解决。,Level 1,Day 14
36,perform,,v.,执行；表演；表现,He performed well in his exams. 他考得很好。 | A computer can perform many tasks. 电脑能做多 项工作。,Level 1,Day 14
37,performance,/pərˈfɔːrməns/,n.,表演；表现 $1.5 e.g. the country's economic performance 国家的经济 状况,,Level 1,Day 14
38,chance,/tʃæns/,n.,机会,Please give me a chance to explain.请给我一个解 释的机会。,Level 1,Day 14
39,opportunity,/ˌɑːpərˈtuːnəti/,n.,时机，机会,,Level 1,Day 14
40,prepare,/prɪˈper/,v.,准备,I had no time to prepare. 我没时间准备。,Level 1,Day 14
1,actually,/ˈæktʃuəli/,adv.,实际上,"They're not married, actually. 他们实际上没有 结婚。",Level 1,Day 15
2,addition,/əˈdɪʃn/,n.,增加,"In addition, he served as a visiting professor. 之外，他还是客座教授。",Level 1,Day 15
3,certain,/ˈsɜːrtn/,adj.,某一；必然的,Certain people might disagree with this. 某些人 对这事可能不会赞同。 | Are you certain about this? 你对这事确信无疑吗？,Level 1,Day 15
4,certainly,/ˈsɜːrtnli/,adv.,当然,"Without treatment, she will almost certainly 要是不治疗，她十有八九会死。",Level 1,Day 15
5,instead,/ɪnˈsted/,adv.,代替；反而 线｜教研团队,"They raised prices, instead of cutting costs. 提高了价格，而没有削减成本。 54<< 零基础词汇讲义Level 1 15 list certain certainly instead competition especially special possibility probably likely simply obviously clear",Level 1,Day 15
6,complete,/kəmˈpliːt/,adj.,完整的；完全的,a complete change 彻底的变化 | She completed her degree in two years. 她在两年 除此 内修完了学位。,Level 1,Day 15
7,completely,/kəmˈpliːtli/,adv.,完全地,I trust you completely. 我完全信任你。,Level 1,Day 15
8,competition,/ˌkɑːmpəˈtɪʃn/,n.,竞争；比赛,My teacher pushed me into entering the competition. 我的老师劝我参加比赛。,Level 1,Day 15
9,especially,/ɪˈspeʃəli/,,,"She loves all sports, especially swimming. 她喜",Level 1,Day 15
10,special,/ˈspeʃl/,,,We don't want any special treatment. 我们不需要,Level 1,Day 15
11,specific,/spəˈsɪfɪk/,adj.,特定的；详细的,I gave you specific instructions.我给过你明确的 指示。 | The money was collected for a specific purpose. 这笔钱是为一个特定用途而收的。,Level 1,Day 15
12,possible,/ˈpɑːsəbl/,adj.,可能的；合理的,Everything is possible if we want it enough.,Level 1,Day 15
13,possibility,/ˌpɑːsəˈbɪləti/,n.,可能性,There's a strong possibility that we'll lose the game. 我们很有可能会输掉比赛。,Level 1,Day 15
14,probably,/ˈprɑːbəbli/,adv.,或许,Van Gogh is probably the best-known painter the world. 梵高可能是世界上最知名的画家。,Level 1,Day 15
15,likely,/ˈlaɪkli/,adj.,很可能的,Tickets are likely to be expensive. 票可能很贵。 | be likely to 有可能……,Level 1,Day 15
16,particular,/pərˈtɪkjələr/,adj.,特别的,We must pay particular attention to this point. 们必须特别注意这一点。 | in particular 尤其，特别,Level 1,Day 15
17,simple,/ˈsɪmpl/,adj.,简单的；单纯的,,Level 1,Day 15
18,simply,/ˈsɪmpli/,adv.,仅仅,"You can enjoy all the water sports, or simply lie on the beach. 你可以进行所有的水上运动，或只是躺 在沙滩上。",Level 1,Day 15
19,obviously,/ˈɑːbviəsli/,adv.,明显地；显然地,They obviously appreciate you very much. 他们 明显很欣赏你。,Level 1,Day 15
20,clear,/klɪr/,adj.,如果 清楚的；清澈的,She gave me clear directions. 她给了我清晰的 指示。,Level 1,Day 15
21,clearly,/ˈklɪrli/,adv.,明显地,She was clearly speaking the truth. 她讲的显然 是实情。 in 22. unclear | He is still unclear about his own future. 他对自己 的未来仍不清楚。,Level 1,Day 15
23,fame,/feɪm/,n.,名声，名望,Fame can be a double-edged sword. 名声是把双 刃剑。 我 24. private /ˈpraɪvət/ | They sent their children to private schools. 他们 送孩子们上私立学校。,Level 1,Day 15
25,respect,/rɪˈspekt/,n.,尊重；方面,,Level 1,Day 15
26,final,/ˈfaɪnl/,adj.,最终的,The judges' decision is final. 法官的判决是不可 更改的。,Level 1,Day 15
27,finally,/ˈfaɪnəli/,adv.,最后；终于,They finally lost sight of land. 他们最终看不见,Level 1,Day 15
28,determine,/dɪˈtɜːrmɪn/,v.,做出决定,People have a right to determine their own future. 人们有权决定自己的未来。,Level 1,Day 15
29,fail,/feɪl/,v.,失败,He won't allow himself to fail. 他不容许自己失败。 | The party failed to win the election. 该政党未能 赢得选举。,Level 1,Day 15
30,success,/səkˈses/,n.,成功,Confidence is the key to success. 信心是成功的 关键。,Level 1,Day 15
31,successful,/səkˈsesfl/,adj.,成功的,He is a successful writer. 他是一个成功的作家。,Level 1,Day 15
32,message,/ˈmesɪdʒ/,n.,消息,,Level 1,Day 15
33,estimate,/ˈestɪmeɪt/,n.,估计,It's hard to estimate the costs and benefits. 很难估 计出成本和收益。,Level 1,Day 15
34,access,/ˈækses/,n.,通道；进入,Students must have access to good resources. 学 生必须有机会使用好的资源。,Level 1,Day 15
35,affect,/əˈfekt/,v.,影响,Your opinion will not affect my decision. 你的意 见不会影响我的决定。,Level 1,Day 15
36,effect,/ɪˈfekt/,n.,影响；效果,in effect 实际上；生效 | The effect is almost impossible to describe. 这影 响几乎无法言表。,Level 1,Day 15
37,influence,/ˈɪnfluəns/,n.,影响,The media has a powerful influence on public opinion. 传媒对于舆论有很大的影响。 | He influenced me deeply. 他深深地影响了我。,Level 1,Day 15
38,cause,/kɔːz/,n.,原因；事业,The cause of the fire is not known. 火灾的原因尚 不清楚。 | He died for a noble cause. 他为了高尚的事业而 牺牲。 | Cars can cause pollution. 汽车会引起污染。,Level 1,Day 15
39,click,/klɪk/,v.,点击,Click the link and see what happens. 点击那个链 接，看看会发生什么。,Level 1,Day 15
40,cheat,/tʃiːt/,v.,欺骗,I guess that he won't cheat you. 我猜他是不会骗 你的。,Level 1,Day 15
1,normal,/ˈnɔːrml/,adj.,正常的,Her height and weight are normal for her age. 的身高和体重对于她的年龄来说是正常的。,Level 1,Day 16
2,average,/ˈævərɪdʒ/,n.,平均,The average price of goods rose by just 2.2%. 品的平均价格仅上涨了2.2%。,Level 1,Day 16
3,common,/ˈkɑːmən/,adj.,共同的；通常的,It is common knowledge. 这是普遍常识。,Level 1,Day 16
4,traditional,/trəˈdɪʃənl/,adj.,传统的；惯例的,Most couples want a traditional wedding. 多数情 侣希望举办一个传统的婚礼。,Level 1,Day 16
5,immediately,/ɪˈmiːdiətli/,adv.,立即,She answered almost 线｜教研团队 immediately. 她几乎立刻 就回答了。,Level 1,Day 16
6,recently,/ˈriːsntli/,,,,Level 1,Day 16
7,previous,/ˈpriːviəs/,,,She reviewed the previous week on her way home.,Level 1,Day 16
8,current,/ˈkɜːrənt/,adj.,现在的 商 n. (水，气，电)流；趋势,The current situation is very different. 当前的形 势大不相同。,Level 1,Day 16
9,moment,/ˈmoʊmənt/,n.,时刻；瞬间,The moment of decision has arrived. 决策的时刻 已经到了。,Level 1,Day 16
10,present,/ˈpreznt/,adj.,现在的；出席的；存在的,Did you get your mother a present? 你给你母亲 买礼物了吗？ | How do you read the present situation? 你对目前,Level 1,Day 16
11,represent,/ˌreprɪˈzent/,v.,代表,Those comments do not represent the views all. 这些言论并不是我们所有人的看法。,Level 1,Day 16
12,suddenly,/ˈsʌdənli/,adv.,突然地；忽然,It all happened so suddenly. 一切都来得那么突然。 | She looked up for a minute and then continued drawing. 她抬头看了一会儿，然后继续画。,Level 1,Day 16
14,modern,/ˈmɑːdərn/,adj.,现代的,Stress is a major problem of modern life. 压力是 现代生活中的主要问题。,Level 1,Day 16
15,series,/ˈsɪriːz/,n.,系列,a series of setbacks 一系列的挫折,Level 1,Day 16
16,sort,/sɔːrt/,n.,种类,That sort of house is back in fashion. 那种房子又 时兴起来了。,Level 1,Day 16
17,variety,/vəˈraɪəti/,n.,多样；种类,We all need variety in our diet. 我们都需要饮食 多样化。 | He directed various TV shows. 他导演过各种电 视节目。,Level 1,Day 16
19,version,/ˈvɜːrʒn/,n.,版本,I only knew the official version of events. 我对事 of us 情的了解仅限于官方的版本。,Level 1,Day 16
20,type,/taɪp/,n.,类型,Is there a particular type of book he enjoys? 他有 特别喜爱的哪一类书籍吗？,Level 1,Day 16
21,style,/staɪl/,n.,风格,a management style 管理方式,Level 1,Day 16
22,tend,/tend/,v.,趋向,Women tend to live longer than men. 女人往往比 男人长寿。,Level 1,Day 16
23,range,/reɪndʒ/,n.,范围；山脉,The average age range is between 35 and 55. 平 均年龄范围是35 至55 岁。,Level 1,Day 16
24,piece,/piːs/,n.,块；片,Let me give you a piece of advice. 让我给你一个 忠告。,Level 1,Day 16
25,original,/əˈrɪdʒənl/,adj.,原来的,The original plan was to go by bus. 起初的计划 是乘公交车去。,Level 1,Day 16
26,campus,/ˈkæmpəs/,,,,Level 1,Day 16
28,battery,/ˈbætəri/,n.,电池,He charged the battery of his car. 他给汽车的电 池充了电。 | The train was trapped underground by a fire. 被一场大火困在了地下。,Level 1,Day 16
30,subway,/ˈsʌbweɪ/,n.,地铁,I decided to take the subway to the hotel. 我决定 乘坐地铁去旅馆。,Level 1,Day 16
31,setback,/ˈsetbæk/,n.,挫折,That would be a severe setback. 那将会是一个严 重的挫折。,Level 1,Day 16
32,seize,/si:z/,v.,抓住；夺取,We should seize the chance. 我们应该抓住这个 机会。,Level 1,Day 16
33,caution,/ˈkɔːʃn/,n.,小心；警告,There is no need for such caution. 不必如此小心 60<< 零基础词汇讲义Level 1 谨慎。,Level 1,Day 16
34,risk,/rɪsk/,n.,风险；危险,She risked her own life to help a disabled woman. 她冒着失去自己生命的危险帮助了一位残疾妇女。,Level 1,Day 16
35,challenge,/ˈtʃælɪndʒ/,n.,挑战；质疑,The new government's first challenge is the economy. 新政府面临的第一项挑战是经济。,Level 1,Day 16
36,problem,/ˈprɑːbləm/,n.,难题；困难,I do not have a solution to the drug problem. 我并 列车 没有解决毒品问题的方法。,Level 1,Day 16
37,trouble,/ˈtrʌbl/,n.,麻烦；烦恼,You've caused us a lot of trouble. 你已经给我们 造成了很多麻烦。 | We have trouble getting staff. 我们在招聘雇员方 面有困难。,Level 1,Day 16
38,skill,/skɪl/,n.,技能；本领,Her job demands a high degree of skill. 她的工作 要求有高超的技能。,Level 1,Day 16
39,technology,/tekˈnɑːlədʒi/,n.,技术,Technology is changing fast. 技术日新月异。,Level 1,Day 16
40,science,/ˈsaɪəns/,n.,科学,modern science 现代科学,Level 1,Day 16
1,full,/fʊl/,adj.,完整的；充满的,She is always full of energy. 她总是充满活力。,Level 1,Day 17
2,fill,/fɪl/,v.,装满,Smoke filled the room.房间里烟雾弥漫。,Level 1,Day 17
3,feel,/fiːl/,v.,感觉；认为 [过去式felt 过去分词felt 现在分词feeling],"I don't feel very well. 我感觉不太好。 | The interview only took ten minutes, but it felt hours.面试只用了十分钟，但觉得像几个小时似的。",Level 1,Day 17
4,lead,/liːd/,v.,领导；引导,A poor diet will lead to illness. 糟糕的饮食终将 导致疾病。 | to lead a discussion 主持讨论,Level 1,Day 17
5,general,/ˈdʒenrəl/,adj.,普遍的,The general opinion is that the meeting was 17 list feel lead general fly fast hungry light protect significant energy damage dark response responsibility power practice function extend associate generation nature,Level 1,Day 17
6,rest,/rest/,v.,休息；倚靠,I'm not doing this job for the rest of my life.我不 会一辈子干这种工作。 | Rest your eyes every half an hour.每过半小时让 眼睛休息一下。,Level 1,Day 17
7,clean,/kliːn/,adj.,干净的 like e.g. The subway is clean. 地铁很干净。,,Level 1,Day 17
8,fly,/flaɪ/,v.,飞 [过去式flew 过去分词flown 现在分词flying],The planes flew through the clouds. 飞机穿越云层。,Level 1,Day 17
9,fast,/fæst/,adj.,快速的 a e.g. a fast learner 领悟快的学习者,,Level 1,Day 17
10,hungry,/ˈhʌŋɡri/,adj.,饥饿的；渴望的,I'm really hungry. 我真是饿了。,Level 1,Day 17
11,center,/ˈsentər/,n.,中心,Conversation is the center of activities. 谈话是活 动的中心。,Level 1,Day 17
12,side,/saɪd/,,,We put a notice on the side of the box. 我们在这,Level 1,Day 17
13,light,/laɪt/,n.,光；灯,All plants need light and water. 一切植物都需要 阳光和水。 | Carry this bag—it's light. 你拿这个包——它 很轻。,Level 1,Day 17
14,protect,/prəˈtekt/,v.,保护,My main concern now is to protect the children. 我现在最关心的是保护这些孩子。,Level 1,Day 17
15,significant,/sɪɡˈnɪfɪkənt/,adj.,重大的；显著的,Your work has shown a significant improvement. 你的工作有了显著改进。,Level 1,Day 17
16,source,/sɔːrs/,,,What is their main source of income? 他们的主,Level 1,Day 17
17,resource,/ˈriːsɔːrs/,n.,资源,The Internet is often used as a resource for learning. 互联网通常被用作学习的资源。,Level 1,Day 17
18,energy,/ˈenərdʒi/,n.,能量；精力,It's a waste of time and energy. 那是浪费时间和 精力。,Level 1,Day 17
19,damage,/ˈdæmɪdʒ/,n.,损害,Smoking can seriously damage your health. 吸烟 会严重损害你的健康。,Level 1,Day 17
20,dark,/dɑːrk/,adj.,黑暗的,We 该能赶到。,Level 1,Day 17
21,suffer,/ˈsʌfər/,v.,遭受；忍受,The company suffered huge losses. 公司出现巨 额亏损。,Level 1,Day 17
22,field,/fiːld/,n.,领域；场地,They are all expert in this field. 他们都是这个领 域的行家。,Level 1,Day 17
23,response,/rɪˈspɑːns/,n.,响应；回答,I knocked on the door but there was no response. 我敲了门，可是没有回应。,Level 1,Day 17
24,responsibility,/rɪˌspɑːnsəˈbɪləti/,,,,Level 1,Day 17
25,power,/ˈpaʊər/,n.,力量；能量,She knew the limits of her power.她知道自己的 权限。 | wind power 风能,Level 1,Day 17
26,force,/fɔːrs/,n.,力量,He didn't force me—I wanted to go.他没有逼迫 我——是我想去的。,Level 1,Day 17
27,exercise,/ˈeksərsaɪz/,n.,锻炼；练习,The mind needs exercise as well as the body.大脑 同身体一样需要锻炼。,Level 1,Day 17
28,practice,/ˈpræktɪs/,n.,实践；练习,The next step is to put the theory into practice. 一阶段要把理论付诸实践。,Level 1,Day 17
29,function,/ˈfʌŋkʃn/,n.,功能,The function of the ear is to listen.耳的功能是听。,Level 1,Day 17
30,extend,/ɪkˈstend/,v.,延长；给予,The company plans to extend its operations,Level 1,Day 17
31,maintain,/meɪnˈteɪn/,v.,维持；维修 own e.g. The two countries have always maintained close relations. 这两个国家一直保持着密切关系。,,Level 1,Day 17
32,contain,/kənˈteɪn/,v.,包含,It contains a large amount of personal data. 它包 含大量私人信息。,Level 1,Day 17
33,associate,/əˈsoʊsieɪt/,v.,与……有联系,We associate with all sorts of people.我们同各种 各样的人有交往。,Level 1,Day 17
34,generation,/ˌdʒenəˈreɪʃn/,n.,一代；产生,My family have lived in this house for generations . 我家祖祖辈辈都住在这房子里。,Level 1,Day 17
35,nature,/ˈneɪtʃər/,n.,自然；本性,The 大自然最让人惊叹的地方在于它的多样性。,Level 1,Day 17
36,natural,/ˈnætʃrəl/,adj.,自然的；天然的 下 e.g. a country's natural resources 一个国家的自然 资源,He was not a natural leader. 他并非天生的领袖。,Level 1,Day 17
37,favorable,/ˈfeɪvərəbl/,adj.,有利的；赞成的,The book received favorable reviews. 这本书好 评如潮。,Level 1,Day 17
38,professional,/prəˈfeʃənl/,n.,专业人员,You need to seek professional advice .你需要进行,Level 1,Day 17
39,knowledge,/ˈnɑːlɪdʒ/,n.,知识,He has a wide knowledge of painting and music. 他在绘画和音乐方面知识渊博。 64<< 零基础词汇讲义Level 1,Level 1,Day 17
40,material,/məˈtɪriəl/,n.,材料,She is collecting material for her novel. 她在为其 小说收集素材。,Level 1,Day 17
2,list,/lɪst/,n.,列表，清单,to make a list of things to do 把要做的事列成清单,Level 1,Day 18
3,news,/njuːz/,n.,新闻，消息,What's the latest news?有什么最新消息吗？,Level 1,Day 18
4,newspaper,/ˈnjuːzpeɪpər/,n.,报纸,He was carrying a newspaper. 他正拿着一份报纸。,Level 1,Day 18
5,task,/tɑːsk/,n.,任务，工作,This is not an easy task. 这不是项容易的任务。,Level 1,Day 18
6,project,/ˈprɑːdʒekt/,n.,项目；方案,The project was badly managed. 整个项目管理 得差劲。,Level 1,Day 18
7,favorite,/ˈfeɪvərɪt/,adj.,最喜爱的 18,,Level 1,Day 18
8,prefer,/prɪˈfɜːr/,v.,更喜欢,Old people prefer to stay in their own homes. 老 年人喜欢待在自己家中。,Level 1,Day 18
9,cover,/ˈkʌvər/,v.,覆盖；包括；报道,The desk was covered with papers. 书桌上铺了 些纸。 | The BBC will cover all the major games.英国广 播公司将报道所有重要赛事。,Level 1,Day 18
10,discover,/dɪˈskʌvər/,v.,发现,We discovered we had a friend in common. 我们 发现我们有个共同的朋友。,Level 1,Day 18
11,create,/kriˈeɪt/,v.,创造，创作,We want to create jobs for the unemployed. 我们 想为失业者创造更多的工作。,Level 1,Day 18
12,design,/dɪˈzaɪn/,n.,设计,,Level 1,Day 18
13,define,/dɪˈfaɪn/,v.,定义,It's difficult to define the nature of the problem. 难给这个问题的本质下定义。,Level 1,Day 18
14,fear,/fɪr/,n.,害怕,Her eyes showed no fear.她的眼神无丝毫畏惧。,Level 1,Day 18
15,encourage,/ɪnˈkɜːrɪdʒ/,v.,鼓励；支持,People were encouraged by the news. 人们被这 条消息所鼓舞。,Level 1,Day 18
16,return,/rɪˈtɜːrn/,v.,返回,I waited a long time for him to return.我等他回来 等了很长时间。,Level 1,Day 18
17,depend,,v.,依靠；取决于,He depended on his writing for his income. 写作谋生。,Level 1,Day 18
18,cheer,/tʃɪr/,n.,欢呼，喝彩,You should cheer yourself up. 你应该使自己振 作起来。 66<< 零基础词汇讲义Level 1 | Officials began posting notices. 官员们开始张贴 这项 布告。 | to take up a post 就职,Level 1,Day 18
20,positive,/ˈpɑːzətɪv/,adj.,积极的 很 e.g. She tried to be more positive about her new job.她 力求对新工作更有信心。,,Level 1,Day 18
21,promise,/ˈprɑːmɪs/,n.,许诺,"If you make a promise, you should keep it. 如果 你许下一个诺言，你就应该遵守它。",Level 1,Day 18
22,legal,/ˈliːɡl/,adj.,法律的；合法的,the legal system 法律制度,Level 1,Day 18
23,except,/ɪkˈsept/,prep.,,We work every day except Sunday. 我们除星期 天外每天都工作。,Level 1,Day 18
24,exist,/ɪɡˈzɪst/,v.,存在；生存,The problem only exists in your head. 这个问题 他靠 不过是你的想象。,Level 1,Day 18
25,reason,/ˈriːzn/,n.,理由,They had reason to believe that there could be trouble. 他们有理由相信会有麻烦。,Level 1,Day 18
26,recognize,/ˈrekəɡnaɪz/,v.,认出；承认,I recognized her by her red hair.我从她的红头发,Level 1,Day 18
27,reflect,/rɪˈflekt/,v.,反映；反省,We should all give ourselves time to reflect. 都应该给自己时间来深思。,Level 1,Day 18
28,record,/ˈrekərd/,n.,记录 空公司有极佳的安全记录。,,Level 1,Day 18
29,attend,/əˈtend/,v.,出席,We have to attend meetings every day. 我们必须 每天都参加会议。,Level 1,Day 18
30,supply,/səˈplaɪ/,n.,供给,Food is in short supply all over the country. 在全国各地都供应不足。,Level 1,Day 18
31,surprise,/sərˈpraɪz/,n.,惊奇,"To his surprise, the bedroom door was locked. 他吃惊的是，卧室的门是锁着的。",Level 1,Day 18
32,machine,/məˈʃiːn/,n.,机械，机器,This machine only accepts coins. 这台机器只接 受硬币。 | He has produced his own sports magazine. 他已 经创办了自己的体育杂志。,Level 1,Day 18
34,feature,/ˈfiːtʃər/,n.,特色，特征 我们 v. 以……为特色,Teamwork is a key feature of the program. 团队 合作是这项计划的重要特点。,Level 1,Day 18
35,character,/ˈkærəktər/,n.,性格，品质；特征,The hotel is full of charm and character. 这家旅 馆风格独特，极具吸引力。,Level 1,Day 18
36,energetic,/ˌenərˈdʒetɪk/,adj.,精力充沛的,He was hardworking and energetic. 他很努力且 精力充沛。,Level 1,Day 18
37,electric,/ɪˈlektrɪk/,adj.,电的 食品 e.g. an electric light 电灯,,Level 1,Day 18
38,analyze,/ˈænəlaɪz/,v.,分析,He tried to analyze his feelings.他试图分析自己 的感情。 使 39. analysis /əˈnæləsɪs/ | I agree with her analysis of the situation. 我赞成 她对形势的分析。,Level 1,Day 18
40,harmony,/ˈhɑːməni/,n.,和谐,to live together in harmony 和睦地一同生活,Level 1,Day 18
1,celebrate,/ˈselɪbreɪt/,v.,庆祝，庆贺,Jack celebrated his 60th birthday. 杰克庆祝了他 的60 岁生日。,Level 2,Day 1
2,tour,/tʊr/,n.,旅游,a tour of a historical site 一次历史遗迹的参观活动,Level 2,Day 1
3,tourist,/ˈtʊrɪst/,n.,游客,foreign tourists 外国观光客,Level 2,Day 1
4,journey,/ˈdʒɜːrni/,n.,旅行,Life is like a journey. 人生就像一次旅途。,Level 2,Day 1
5,camp,/kæmp/,n.,营地,a summer camp 一个夏令营,Level 2,Day 1
6,transport,/ˈtrænspɔːrt/,n.,运输,,Level 2,Day 1
7,weather,/ˈweðər/,n.,天气,The bad weather ruined our journey. 天气恶劣， 破坏了我们的旅行。 | to help families weather bad times 帮助家庭度过 艰难时期,Level 2,Day 1
8,plane,/pleɪn/,n.,飞机,I caught the next plane to Dublin. 我赶上了下一 班飞机去都柏林。,Level 2,Day 1
9,map,/mæp/,n.,地图,digital maps 电子地图 | I went home and mapped out my plan. 我回到家， 制定出了我的计划。,Level 2,Day 1
10,equipment,/ɪˈkwɪpmənt/,n.,设备,new equipment for the sports club 体育俱乐部的,Level 2,Day 1
11,lake,/leɪk/,n.,湖,They can go fishing in the lake. 他们可以去湖里 钓鱼。,Level 2,Day 1
12,row,/roʊ/,n.,排,We sat in a row at the back of the room. 我们在 屋子的后面坐成一排。 | to climb mountains 登山,Level 2,Day 1
14,climb,/klaɪm/,v.,攀登,It is a good idea to climb mountains on weekends. 周末去登山是一个好主意。 | The dollar has been climbing all week. 整个星期， 美元一直在升值。,Level 2,Day 1
15,roll,/roʊl/,v.,滚动,The ball rolled down the hill. 球滚下了山。,Level 2,Day 1
16,island,/ˈaɪlənd/,n.,岛,the Hawaiian Islands 夏威夷群岛,Level 2,Day 1
17,beach,/biːtʃ/,n.,海滩,We watched the waves rolling onto the beach.,Level 2,Day 1
18,pool,/puːl/,n.,水池,swimming pool 游泳池,Level 2,Day 1
19,crowd,/kraʊd/,n.,人群,He pushed his way through the crowd. 他在人群 中往前挤。,Level 2,Day 1
20,alternative,/ɔːlˈtɜːrnətɪv/,n.,可供选择的事物，替代品,alternative energy 替代能源、新能源,Level 2,Day 1
21,historical,/hɪˈstɔːrɪkl/,adj.,历史的,historical research 史学研究,Level 2,Day 1
22,museum,/mjuˈziːəm/,n.,博物馆,a science museum 科学博物馆,Level 2,Day 1
23,exhibition,,n.,展览,an exhibition of old photographs 老照片展,Level 2,Day 1
24,empty,/ˈempti/,adj.,空的,The room was empty. 房间空荡荡的。,Level 2,Day 1
25,rare,/rer/,adj.,罕见的,a rare plant 珍奇植物,Level 2,Day 1
26,theater,/ˈθiːətər/,n.,戏院，剧院,How often do you go to the theater? 你多久看一 我 次戏？,Level 2,Day 1
27,expensive,/ɪkˈspensɪv/,adj.,昂贵的,,Level 2,Day 1
28,comfortable,/ˈkʌmfərtəbl/,adj.,令人舒服的，令人舒适的,A home should be comfortable and friendly. 使人感到舒适与和睦。,Level 2,Day 1
29,accident,/ˈæksɪdənt/,n.,事故,She was involved in a serious car accident week. 她上个星期卷入了一场严重的车祸。,Level 2,Day 1
30,flight,/flaɪt/,,,My flight leaves in less than an hour. 我的航班一,Level 2,Day 1
31,vacation,/vəˈkeɪʃn/,n.,假期,They're on vacation in Hawaii now. 他们此时正 在夏威夷度假。,Level 2,Day 1
32,outdoor,/ˈaʊtdɔːr/,adj.,户外的,outdoor activities 户外活动,Level 2,Day 1
33,cinema,/ˈsɪnəmə/,n.,电影院,I used to go to the cinema every week. 我过去每 周都去看电影。,Level 2,Day 1
34,bicycle,/ˈbaɪsɪkl/,n.,自行车,We went for a bicycle ride on Sunday. 我们星期 天骑自行车兜风了。,Level 2,Day 1
35,scenery,/ˈsiːnəri/,n.,风景，景色,to enjoy the scenery 欣赏风景,Level 2,Day 1
36,advance,/ədˈvæns/,n.,进步 家应 v. 进步,recent advances in medical science 医学的最新进展 | It's cheaper if you book the tickets in advance. 预 last 订票要便宜一些。,Level 2,Day 1
37,advantage,/ədˈvæntɪdʒ/,n.,优势,Each of these systems has its advantages and disadvantages. 这些系统各有其优缺点。 | take advantage of 利用,Level 2,Day 1
38,approach,/əˈproʊtʃ/,v.,接近,He approached me to create and design the restaurant. | We need to take a different approach to the problem. 我们应该采用另一种方法来解决这一问题。,Level 2,Day 1
39,method,/ˈmeθəd/,n.,方法,There is just one method that might work. 只有一 个方法可能起作用。,Level 2,Day 1
40,aim,/eɪm/,v.,目的在于；瞄准,Businesses will have to aim at long-term growth. 企业必须以长期增长为目标。,Level 2,Day 1
1,federal,/ˈfedərəl/,adj.,联邦的,The federal government tried to control health-care costs. 联邦政府努力控制卫生保健费用。,Level 2,Day 2
2,violence,/ˈvaɪələns/,n.,暴力,Violence is always pointless. 暴力总是毫无意 义的。,Level 2,Day 2
3,army,/ˈɑːrmi/,n.,军队,He has applied to join the army. 他已报名参军。,Level 2,Day 2
4,conflict,/ˈkɑːnflɪkt/,n.,冲突，矛盾,She was unafraid of conflict. 她不怕发生冲突。,Level 2,Day 2
5,enemy,/ˈenəmi/,n.,敌人,The city is under enemy control. 那座城市现处 于敌人的控制之下。 线｜教研团队,Level 2,Day 2
6,critical,/ˈkrɪtɪkl/,adj.,批评的，批判性的；至关紧要的 74<< 零基础词汇讲义Level 2,,Level 2,Day 2
7,soldier,/ˈsoʊldʒər/,n.,军人,He behaves like a well-trained soldier. 他的举止 像个训练有素的军人。,Level 2,Day 2
8,weapon,/ˈwepən/,n.,武器,a nuclear weapon 核武器,Level 2,Day 2
9,approve,/əˈpruːv/,v.,赞成；批准,The committee approved the plan. 委员会通过了 计划。,Level 2,Day 2
10,institution,/ˌɪnstɪˈtuːʃn/,n.,机构；制度,I believe in the institution of marriage. 我相信婚 姻制度。,Level 2,Day 2
11,defense,/dɪˈfens/,n.,防卫；辩护,The best defense is to attack. 进攻是最好的 防御。,Level 2,Day 2
12,protest,/prəˈtest/,n.,抗议，反对,He knew it was useless to protest. 他知道抗议是 徒劳的。,Level 2,Day 2
13,politics,/ˈpɑːlətɪks/,n.,政治,He is completely uninterested in politics. 他对政 治毫无兴趣。,Level 2,Day 2
14,resident,/ˈrezɪdənt/,,,resident of the United States 美国的居民,Level 2,Day 2
15,citizen,/ˈsɪtɪzn/,n.,公民；市民,She became a US citizen. 她成了美国公民。,Level 2,Day 2
16,forbid,/fərˈbɪd/,v.,禁止,I forbid anyone to touch that clock. 我不准任何 人碰那台钟。,Level 2,Day 2
17,treasure,/ˈtreʒər/,n.,财富；珍宝,art treasures 艺术珍品 | She treasures her memories of those days. 她珍惜 那些记忆。,Level 2,Day 2
18,fundamental,/ˌfʌndəˈmentl/,adj.,根本的，基础的,Hard work is fundamental to success. 勤奋工作 是成功的基础。,Level 2,Day 2
19,construct,/kənˈstrʌkt/,,,He eventually constructed a huge business empire.,Level 2,Day 2
20,construction,/kənˈstrʌkʃn/,n.,建筑；结构,The summer house was a simple wooden construction. 那座避暑别墅是简单的木结构建筑。,Level 2,Day 2
21,global,/ˈɡloʊbl/,adj.,全球的，全世界的,global issues 全球性问题 | Global warming is a real problem. 全球变暖是一 个确实存在的问题。,Level 2,Day 2
22,exchange,/ɪksˈtʃeɪndʒ/,v.,交换；交流,We exchanged addresses. 我们交换了地址。,Level 2,Day 2
23,scale,/skeɪl/,n.,规模，范围,The scale of the fighting is almost unimaginable. 战斗的规模几乎难以想像。,Level 2,Day 2
24,commercial,,adj.,商业的,We hope it will be a commercial success. 我们希 望它会是一次商业成功。,Level 2,Day 2
25,import,/ˈɪmpɔːrt/,v.,进口；输入,We import raw materials and energy and export mainly industrial products. 我们进口原材料和能源，主要出口工业产品。,Level 2,Day 2
26,advertise,/ˈædvərtaɪz/,v.,(为……)做广告,to advertise a product 做广告宣传产品,Level 2,Day 2
27,advertisement,/ˌædvərˈtaɪzmənt/,n.,广告,,Level 2,Day 2
28,investor,/ɪnˈvestər/,n.,投资者,She is a cautious investor. 她是个小心谨慎的投 资者。,Level 2,Day 2
29,consumer,/kənˈsuːmər/,n.,消费者,consumer rights 消费者权利,Level 2,Day 2
30,cash,/kæʃ/,,,to pay in cash 用现金支付,Level 2,Day 2
31,crisis,/ˈkraɪsɪs/,n.,危机,a political /financial crisis 政治/金融危机,Level 2,Day 2
32,shake,/ʃeɪk/,v.,摇动；(使)颤动,shake hands (with sb) (与某人)握手 This did not shake his faith. 这事并未动摇他的信心。,Level 2,Day 2
33,recover,/rɪˈkʌvər/,v.,恢复,It'll take her time to recover from the illness. 复需要时间。,Level 2,Day 2
34,practical,/ˈpræktɪkl/,adj.,实际的；实用性的,practical advice 实用的忠告 76<< 零基础词汇讲义Level 2 car. 35. sharp /ʃɑːrp/ | a sharp drop in prices 价格的骤降,Level 2,Day 2
36,target,/ˈtɑːrɡɪt/,n.,目标,The campaign will target insurance companies. 这 场运动将以保险公司为目标。,Level 2,Day 2
37,purpose,/ˈpɜːrpəs/,n.,目的,Our campaign's main purpose is to raise money. 我们这次活动的主要目的就是募款。,Level 2,Day 2
38,realize,/ˈriːəlaɪz/,v.,实现；认识到,I can realize all my dreams. 我可以实现我的所 有梦想。,Level 2,Day 2
39,achieve,/əˈtʃiːv/,v.,取得；实现,They will work hard to achieve these goals. 他们 会努力工作来实现这些目标。,Level 2,Day 2
40,attempt,/əˈtempt/,v.,企图；尝试,I will attempt to answer all your questions. 我将 努力回答你的全部问题。,Level 2,Day 2
1,corporation,/ˌkɔːrpəˈreɪʃn/,n.,大公司，企业,multinational corporations 跨国公司,Level 2,Day 3
2,executive,/ɪɡˈzekjətɪv/,n.,经理,advertising executives 广告部门主管,Level 2,Day 3
3,chief,/tʃiːf/,adj.,最重要的，主要的,chief justice 首席法官,Level 2,Day 3
4,register,/ˈredʒɪstər/,v.,登记；注册,to register a company 注册公司,Level 2,Day 3
5,locate,/ləʊˈkeɪt/,v.,找到；定居,It locates in rural areas. 它在农村地区。,Level 2,Day 3
6,domestic,/dəˈmestɪk/,adj.,国内的；家庭的,domestic flights 国内航班 | domestic violence 线｜教研团队 家庭暴力,Level 2,Day 3
7,abroad,/əˈbrɔːd/,adv.,到国外,,Level 2,Day 3
8,sum,/sʌm/,n.,金额；总和,a large sum of money 一大笔钱,Level 2,Day 3
9,assess,/əˈses/,v.,评估；计算,assess the value of your belongings 估算你的财 产价值,Level 2,Day 3
10,reject,/rɪˈdʒekt/,v.,拒绝,to reject a suggestion 拒绝一个建议,Level 2,Day 3
11,hire,/ˈhaɪər/,v.,雇用,She was hired three years ago. 她是三年前录用的。,Level 2,Day 3
12,talent,/ˈtælənt/,n.,天才；天赋,a man of many talents 多才多艺的男子 | The team has a wealth of home-grown talent. 该 队有很多自己培养的人才。,Level 2,Day 3
13,active,/ˈæktɪv/,adj.,活跃的,,Level 2,Day 3
14,salary,/ˈsæləri/,n.,薪水,The lawyer was paid a huge salary. 这位律师被 付了一大笔薪水。,Level 2,Day 3
15,wage,/weɪdʒ/,n.,工资,Wages are paid on Fridays. 每星期五发工资。,Level 2,Day 3
16,qualify,/ˈkwɑːlɪfaɪ/,,,You must qualify yourself for the post. 你必须使,Level 2,Day 3
17,competitive,/kəmˈpetətɪv/,adj.,竞争的；有竞争力的,competitive games 竞技性的比赛 | The changes made the company more competitive. 改革使公司更有竞争力。,Level 2,Day 3
18,appropriate,/əˈproʊpriət/,adj.,合适的,an appropriate measure 恰当的措施,Level 2,Day 3
19,slogan,/ˈsloʊɡən/,n.,标语,an advertising slogan 广告口号,Level 2,Day 3
20,rumor,/ˈruːmər/,n.,谣言,Is there any truth to the rumors? 那些谣言有什么 事实依据吗？,Level 2,Day 3
21,require,/rɪˈkwaɪər/,v.,需要；要求 些宠物需要悉心照顾。 78<< 零基础词汇讲义Level 2,,Level 2,Day 3
22,demand,/dɪˈmænd/,n.,要求；需求,I demand to see the manager. 我坚决要求见经理。 | There is an increased demand for organic produce these days. 目前对有机农产品有更大的需求。,Level 2,Day 3
23,control,/kənˈtroʊl/,n.,控制,All the newspapers are under government control. 所有的报纸都处在政府控制之下。,Level 2,Day 3
24,operate,/ˈɑːpəreɪt/,v.,运转；经营,Our model is easy to operate and maintain. 我们 的模型易于操作和维护。,Level 2,Day 3
25,operation,/ˌɑːpəˈreɪʃn/,n.,操作；经营；手术,The system has been in operation for six months. 这个系统已经运行六个月了。 | The operation saved her life. 手术挽救了她的生命。,Level 2,Day 3
26,organize,/ˈɔːrɡənaɪz/,v.,组织,We should organize more social events. 我们应 该组织更多的社交活动。,Level 2,Day 3
27,process,/ˈprəʊses/,n.,过程；流程,Life is a learning process. 生活是一个学习的过程。,Level 2,Day 3
28,establish,/ɪˈstæblɪʃ/,,,The school has established a successful relationship,Level 2,Day 3
29,release,/rɪˈliːs/,v.,释放；发行,The new software is planned for release in April. 新软件计划四月份发行。,Level 2,Day 3
30,track,/træk/,n.,轨道；足迹 跟着熊在雪地上留下的足迹走。,Our radar began tracking the planes. 我们的雷达 开始追踪那些飞机。,Level 2,Day 3
31,theory,/ˈθiːəri/,n.,理论,The theory remains untested. 该理论仍未经过 验证。,Level 2,Day 3
32,accept,/əkˈsept/,v.,接受；承认,I don't think they would accept that view. 我不认 为他们会相信那个观点。,Level 2,Day 3
33,allow,/əˈlaʊ/,v.,允许,They wouldn't allow me to smoke. 他们不会允许 我抽烟。,Level 2,Day 3
34,apply,/əˈplaɪ/,v.,申请；应用,I am continuing to apply for jobs. 我在继续申请 工作。,Level 2,Day 3
35,application,/ˌæplɪˈkeɪʃn/,n.,申请；应用程序,Her application was turned down. 她的申请被驳 回了。,Level 2,Day 3
36,check,/tʃek/,v.,检查,We always check people's addresses. 我们总是检 我们 查一下人们的地址。,Level 2,Day 3
37,condition,/kənˈdɪʃn/,n.,条件；情况,The piano was in good condition. 这台钢琴状况 良好。,Level 2,Day 3
38,situation,/sɪtʃuˈeɪʃn/,n.,情况；形势,The,Level 2,Day 3
39,conclusion,/kənˈkluːʒn/,n.,结论,The judge's conclusion was wrong. 法官的结论 是错误的。 | draw a conclusion 得出结论；作结论,Level 2,Day 3
40,judge,/dʒʌdʒ/,n.,法官；裁判,The judge's decision is final. 裁判的决定为最终 决定。,Level 2,Day 3
1,justice,/ˈdʒʌstɪs/,n.,公正；法官,He only wants freedom and justice. 他只要自由 和公正。,Level 2,Day 4
2,lawyer,/ˈlɔɪər/,n.,律师,The lawyer was paid a huge salary. 这个律师拿 了很高的薪金。,Level 2,Day 4
3,rope,/roʊp/,n.,绳索,We tied his hands together with rope. 我们用绳 子把他的手绑在一起。,Level 2,Day 4
4,witness,/ˈwɪtnəs/,n.,目击者,a witness to the killing 杀人案的目击证人,Level 2,Day 4
5,suspect,/səˈspekt/,v.,怀疑,Doctors suspect he may have a heart condition. 生怀疑他可能有心脏病。 80<< 零基础词汇讲义Level 2,Level 2,Day 4
6,crime,/kraɪm/,n.,罪行,the fight against crime 与犯罪活动的斗争,Level 2,Day 4
7,commit,/kəˈmɪt/,v.,犯 (罪)；承诺,The President is committed to reforming health care. 总统承诺要改革卫生保健制度。,Level 2,Day 4
8,equally,/ˈiːkwəli/,adv.,相等地；同样地,We try to treat every member of staff equally. 我们尽可能平等对待每一位工作人员。,Level 2,Day 4
9,appreciate,/əˈpriːʃieɪt/,v.,感激；欣赏,I'd appreciate some help. 如果有人帮忙我将非 常感激。,Level 2,Day 4
10,transfer,/trænsˈfɜːr/,v.,转移,How can I transfer money from my bank account 医 to his? 怎么才能把我账户上的钱转到他的账户 上呢？,Level 2,Day 4
11,steal,/stiːl/,v.,偷,They would never steal. 他们决不会偷窃。,Level 2,Day 4
12,intellectual,/ˌɪntəˈlektʃuəl/,adj.,智力的,She's very intellectual. 她很聪慧。,Level 2,Day 4
13,intelligence,/ɪnˈtelɪdʒəns/,n.,智力,a person of high intelligence 智力高的人 | to implement policies 实行政策,Level 2,Day 4
15,regulation,/ˌreɡjuˈleɪʃn/,n.,规章制度,government regulation 政府监管,Level 2,Day 4
16,ban,/bæn/,v.,禁止,He was banned from driving for six months. 禁止驾驶六个月。,Level 2,Day 4
17,insurance,/ɪnˈʃʊrəns/,n.,保险；安全保证,travel insurance 旅行保险,Level 2,Day 4
18,estate,/ɪˈsteɪt/,n.,财产,real estate 房地产,Level 2,Day 4
19,stable,/ˈsteɪbl/,adj.,稳定的；稳固的,The price of oil remains stable. 石油价格保持稳定。 | Only one of the answers is correct.这些答案中只 有一个是正确的。,Level 2,Day 4
21,belong,/bɪˈlɔːŋ/,v.,属于,The house had belonged to her family for three or four generations. 这座房子属于她家已有三四代了。,Level 2,Day 4
22,level,/ˈlevl/,n.,水平,The factory cannot continue its current level of production. 这家工厂不能维持目前的生产水平。,Level 2,Day 4
23,limit,/ˈlɪmɪt/,n.,极限；范围,They wish to limit the power of the government. 他们希望限制政府权力。,Level 2,Day 4
24,pattern,,n.,模式 他被 e.g. All three attacks followed the same pattern. 3 次 袭击都依照同一模式。,,Level 2,Day 4
25,structure,/ˈstrʌktʃər/,n.,结构,This structure must be stable. 这种结构一定很稳固。,Level 2,Day 4
26,identify,/aɪˈdentɪfaɪ/,v.,确定；识别,She was able to identify her attacker. 她认出了袭 击她的人。,Level 2,Day 4
27,indicate,/ˈɪndɪkeɪt/,v.,表明；暗示,Research indicates that eating habits are changing fast. 研究表明，饮食习惯正迅速改变。,Level 2,Day 4
28,example,/ɪɡˈzæmpl/,n.,例子；榜样,It is important to use examples to support argument. 用实例来证明你的论点是重要的。,Level 2,Day 4
29,pass,/pæs/,v.,通过；传递；过,Stand aside and let these people pass. 闪开，让这 些人过去。 | He is determined to pass this exam. 他决心要通,Level 2,Day 4
30,finish,/ˈfɪnɪʃ/,v.,完成；结束,Can you finish the work by five o'clock? 你五点 钟前能完成工作吗？,Level 2,Day 4
31,scientist,/ˈsaɪəntɪst/,n.,科学家,nuclear scientists 核科学家,Level 2,Day 4
32,experiment,/ɪkˈsperɪmənt/,n.,实验,perform an experiment 做实验,Level 2,Day 4
33,technique,/tekˈniːk/,n.,技术；技巧,marketing techniques 营销技巧,Level 2,Day 4
34,electronic,/ɪˌlekˈtrɑːnɪk/,adj.,电子的,expensive electronic equipment 昂贵的电子设备。 your 35. net /net/ | a net profit of ￡500 500 英镑的纯利润,Level 2,Day 4
36,online,/ˌɑːnˈlaɪn/,adj.,在线的,Online shopping is both cheap and convenient. 网 上购物既便宜又方便。,Level 2,Day 4
37,software,/ˈsɔːftwer/,n.,软件,There is a bug in the software. 软件出了故障。,Level 2,Day 4
38,expert,/ˈekspɜːrt/,n.,专家,a medical expert 医学专家,Level 2,Day 4
39,explore,/ɪkˈsplɔːr/,v.,探索；调查研究,We need to explore a wide range of possibilities. 我们需要探究各种可能的情况。,Level 2,Day 4
40,observe,/əbˈzɜːrv/,v.,观察；遵从,She also studies and observes the behaviour of babies. 她还研究并观察婴儿的行为。,Level 2,Day 4
1,prevent,/prɪˈvent/,v.,阻止,Regular exercise helps prevent weight gain. 锻炼有助于防止体重增加。,Level 2,Day 5
2,destroy,/dɪˈstrɔɪ/,v.,摧毁；毁灭,They've destroyed all the evidence. 他们销毁了 一切证据。,Level 2,Day 5
3,climate,/ˈklaɪmət/,n.,气候；环境气氛,The economic climate remains uncertain. 气候依然是不确定。,Level 2,Day 5
4,waste,/weɪst/,v.,浪费,I will not waste money on a hotel. 我不会因住旅 馆浪费钱。,Level 2,Day 5
5,traffic,/ˈtræfɪk/,n.,交通 线｜教研团队,There was heavy traffic on the roads. 路上的交通 很拥挤。,Level 2,Day 5
6,fresh,/freʃ/,adj.,新鲜的 经常 e.g. fresh vegetables 新鲜蔬菜,,Level 2,Day 5
7,duty,/ˈduːti/,n.,责任；义务,It is my duty to report it to the police. 把这事报 告给警方是我的责任。,Level 2,Day 5
8,appeal,/əˈpiːl/,v.,呼吁；申诉 经济 e.g. They made an emotional appeal for help. 他们情 绪激动地恳求救助。,,Level 2,Day 5
9,aware,/əˈwer/,adj.,意识到……的,We are fully aware of the dangers. 我们充分意识 到危险。,Level 2,Day 5
10,commitment,/kəˈmɪtmənt/,n.,承诺,We made a commitment to keep working together. 我们作了承诺要继续在一起工作。,Level 2,Day 5
11,monitor,/ˈmɑːnɪtər/,,,,Level 2,Day 5
12,engage,/ɪnˈɡeɪdʒ/,v.,从事，参加,He continued to engage in criminal activities.他还 继续从事犯罪活动。,Level 2,Day 5
13,joint,/dʒɔɪnt/,adj.,联合的；共同的,The report was a joint effort. 这个报告是大家共,Level 2,Day 5
14,contribution,/ˌkɑːntrɪˈbjuːʃn/,n.,捐款；贡献,He made a very positive contribution to the success of the project. 他对项目的成功贡献良多。,Level 2,Day 5
15,responsible,/rɪˈspɑːnsəbl/,adj.,负有责任的；有责任心的,Children should be responsible for their actions. 孩子应对自己的行为负责。,Level 2,Day 5
16,preserve,/prɪ'zɜːrv/,v.,维护；保护,We need to preserve the forest. 我们需要保护森林。,Level 2,Day 5
17,reserve,/rɪˈzɜːrv/,v.,预订；保留,reserve a room 预定房间 All rights reserved. 版权所有,Level 2,Day 5
18,conservative,/kənˈsɜːrvətɪv/,adj.,保守的,Her style of dress was never conservative. 她的服,Level 2,Day 5
19,guarantee,/ˌɡærənˈtiː/,n.,保证,Career success is no guarantee of happiness. 事业 成功并不是幸福的保证。,Level 2,Day 5
20,reform,/rɪˈfɔːrm/,v.,改革；改进,economic reform 经济改革,Level 2,Day 5
21,effective,/ɪˈfektɪv/,adj.,有效的,It is an effective treatment. 这是一种有效的疗法。,Level 2,Day 5
22,protection,/prəˈtekʃn/,n.,保护,data protection laws 数据保护法,Level 2,Day 5
23,mild,/maɪld/,adj.,温和的,a mild climate 温和的气候,Level 2,Day 5
24,survey,,v.,调查,carry out a survey 进行一个调查,Level 2,Day 5
25,journalist,/ˈdʒɜːrnəlɪst/,n.,新闻记者；新闻工作者,My job as a journalist is to tell the truth. 我作为 记者的职责就是展示事实。,Level 2,Day 5
26,creation,/kriˈeɪʃn/,n.,创造；创作,the process of database creation 数据库的创建过程,Level 2,Day 5
27,scientific,/ˌsaɪənˈtɪfɪk/,adj.,科学的,scientific knowledge 科学知识,Level 2,Day 5
28,progress,/ˈprɑːɡres/,,,,Level 2,Day 5
29,update,/ˌʌpˈdeɪt/,v.,更新,update the software 更新软件,Level 2,Day 5
30,criticism,/ˈkrɪtɪsɪzəm/,n.,批评,The plan has attracted criticism from consumer groups.这项计划引起了各消费者组织的指责。,Level 2,Day 5
31,oppose,/əˈpoʊz/,,,I would oppose changing the law. 我将反对改变,Level 2,Day 5
32,opposite,/ˈɑːpəzɪt/,prep.,在……对面,the opposite side of the road 马路对面 | Hot and cold are opposites. 热和冷是对立面。,Level 2,Day 5
33,double,/ˈdʌbl/,adj.,两倍的,It has the double advantage of being both easy cheap.它具有既方便又便宜的双重优点。,Level 2,Day 5
34,edge,/edʒ/,n.,边缘；刀刃,Advanced technology is usually a double-edged sword. 先进的技术通常是一把双刃剑。,Level 2,Day 5
35,investigate,/ɪnˈvestɪɡeɪt/,v.,调查,They're still investigating the accident. 他们还在 调查这个事故。,Level 2,Day 5
36,asleep,/əˈsliːp/,adj.,睡着的,"When she finally fell asleep, she began to dream. 她终于睡着了，并开始做梦。",Level 2,Day 5
37,crop,/krɑːp/,n.,庄稼,Sugar is an important crop on the island. 糖料作 物是这个岛上的一种重要作物。,Level 2,Day 5
38,farm,/fɑːrm/,n.,农场,work,Level 2,Day 5
39,urban,/ˈɜːrbən/,adj.,城市的,urban life 城市生活,Level 2,Day 5
40,rural,/ˈrʊrəl/,,,rural areas 农村地区,Level 2,Day 5
1,remind,/rɪˈmaɪnd/,v.,提醒；使想起,Can you remind me to buy a bottle of wine? 提醒我买一瓶葡萄酒吗？,Level 2,Day 6
2,recall,/rɪˈkɔːl/,v.,回想起；召回,I can't recall meeting her before. 我想不起来以 前曾经见过她。,Level 2,Day 6
3,host,/hoʊst/,n.,主人；主持人,Tonight she hosts a party for 300 guests. 今晚她 主办一场有300 名来宾参加的宴会。 | a host of 许多；大量,Level 2,Day 6
4,invite,/ɪnˈvaɪt/,v.,邀请,She invited him to her 26th birthday party. 请了他参加她的26 岁生日聚会。,Level 2,Day 6
5,guest,/ɡest/,n.,客人,I have guests staying this weekend. 这周末我家 86<< 零基础词汇讲义Level 2,Level 2,Day 6
6,river,/ˈrɪvər/,,,a boat on the river 河上的一条船,Level 2,Day 6
7,freeze,/friːz/,v.,(使)冻结；惊呆,"If the temperature drops below 0°C, water freezes. 如果温度降到摄氏零度以下，水就会结冰。",Level 2,Day 6
8,temperature,/ˈtemprətʃər/,n.,温度,The temperature has risen by five degrees. 温度 升高了五度。,Level 2,Day 6
9,warm,/wɔːrm/,adj.,温暖的,"Because it was warm, David wore only a white shirt. 她邀 因为天气暖和，戴维只穿了一件白色衬衫。",Level 2,Day 6
10,flower,/ˈflaʊər/,n.,花,The plant has a beautiful bright red flower. 这株 植物开了一朵美丽鲜红的花。,Level 2,Day 6
11,lovely,/ˈlʌvli/,adj.,可爱的,a lovely girl 一个可爱的女孩,Level 2,Day 6
12,wood,/wʊd/,n.,木材；树林,a large wood 一大片树林,Level 2,Day 6
13,silence,/ˈsaɪləns/,n.,沉默,I need silence when I'm working. 我工作时需要,Level 2,Day 6
14,quiet,/ˈkwaɪət/,adj.,安静的,I wish you'd be quiet for a minute. 我希望你会安 静一会儿。,Level 2,Day 6
15,noise,/nɔɪz/,n.,声音；噪音,Don't make a noise. 别出声。,Level 2,Day 6
16,relax,/rɪˈlæks/,v.,放松；休息,Just relax and enjoy the movie. 休息休息，看看 电影吧。,Level 2,Day 6
17,broad,/brɔːd/,adj.,宽阔的；广泛的,a broad street 宽广的街道,Level 2,Day 6
18,flat,/flæt/,n.,公寓；平面,People used to believe that the earth was flat.,Level 2,Day 6
19,plain,/pleɪn/,adj.,朴素的；平凡的,"It was a plain, grey stone house. 这是一座简朴的 灰色石头房子。",Level 2,Day 6
20,square,/skwer/,adj.,正方形的,His supporters gathered in the main square. 他的 支持者聚集在主广场上。,Level 2,Day 6
21,mix,/mɪks/,v.,(使)混合，掺和；调配；相处,You can't mix business with pleasure. 你不能把 工作和娱乐混在一起。,Level 2,Day 6
22,video,/ˈvɪdioʊ/,n.,视频,She has watched the race on video. 她已观看了 比赛的录像。,Level 2,Day 6
23,kitchen,,n.,厨房,We ate at the kitchen table. 我们在厨房桌子上吃饭。,Level 2,Day 6
24,cook,/kʊk/,v.,做饭,He cooked lunch for me. 他为我做了午餐。,Level 2,Day 6
25,meal,/miːl/,n.,一顿饭,Try not to eat between meals. 两餐之间尽量别 吃东西。,Level 2,Day 6
26,breakfast,/ˈbrekfəst/,n.,人 早餐,Do you want eggs for breakfast? 你早饭要吃鸡 蛋吗？,Level 2,Day 6
27,lunch,/lʌntʃ/,n.,午餐,Lunch is his main meal of the day. 午饭是他的正餐。,Level 2,Day 6
28,dinner,/ˈdɪnər/,n.,晚餐,She invited us to her house for dinner. 她请我们 到她家吃晚饭。,Level 2,Day 6
29,heat,/hiːt/,n.,热；高温 能感觉到太阳照射在背上的热度。,,Level 2,Day 6
30,meat,/miːt/,n.,肉类,Meat and fish are expensive. 肉和鱼比较贵。,Level 2,Day 6
31,chip,/tʃɪp/,n.,炸薯条；芯片,chips of wood 碎木屑 | chip technology 芯片科技,Level 2,Day 6
32,bottle,/ˈbɑːtl/,n.,瓶子,There were two empty beer bottles on the table. 上有两个空啤酒瓶。,Level 2,Day 6
33,glass,/ɡlæs/,n.,玻璃；杯子；眼镜,a glass of wine 一杯酒,Level 2,Day 6
34,pair,/per/,n.,一对 88<< 零基础词汇讲义Level 2,a pair of glasses 一副眼镜,Level 2,Day 6
35,feed,/fiːd/,v.,喂养；养活,They have a large family to feed. 他们要养活一 大家人。,Level 2,Day 6
36,wheat,/wiːt/,n.,小麦,wheat flour 小麦制的面粉,Level 2,Day 6
37,upstairs,/ˌʌpˈsterz/,n.,楼上,She went upstairs to get dressed. 她上楼换衣服 去了。,Level 2,Day 6
38,downstairs,/ˌdaʊnˈsterz/,adv.,在楼下,She 冲下楼跑进厨房。,Level 2,Day 6
39,staircase,/ˈsterkeɪs/,n.,楼梯 桌 e.g. They walked down the staircase together. 他们一 起沿楼梯通道往下走。,,Level 2,Day 6
40,housewife,/ˈhaʊswaɪf/,n.,家庭主妇,"Married at nineteen, she was a traditional housewife and mother of four children. 她19 岁就结 婚了，是个传统的家庭主妇和4 个孩子的母亲。",Level 2,Day 6
1,healthy,/ˈhelθi/,adj.,健康的,Keep healthy by eating well and exercising regularly. 通过良好饮食和经常性锻炼保持健康。,Level 2,Day 7
2,physical,/ˈfɪzɪkl/,adj.,身体的；物理学的,The experience has affected both her mental physical health. 这场经历损害了她的身心健康。,Level 2,Day 7
3,mental,/ˈmentl/,adj.,精神的,mental and physical health. 身心健康,Level 2,Day 7
4,busy,/ˈbɪzi/,adj.,忙碌的,James is busy practicing for the school concert. 姆斯正忙着为学校音乐会排练。,Level 2,Day 7
5,schedule,/ˈskedʒuːl/,n.,工作计划；日程安排,"Even with her busy schedule, she finds time 线｜教研团队 watch TV. 即使有着繁忙的日程安排，她还是抽时 间看看电视。",Level 2,Day 7
6,arrange,/əˈreɪndʒ/,v.,安排；整理,The party was arranged quickly. 聚会很快就安 排好了。,Level 2,Day 7
7,regular,/ˈreɡjələr/,adj.,规则的；有规律的 and e.g. Do you take regular exercise? 你经常锻炼吗？,,Level 2,Day 7
8,habit,/ˈhæbɪt/,n.,习惯,You need to change your eating habits. 你得改变 你的饮食习惯。,Level 2,Day 7
9,suit,/suːt/,n.,套装 詹 v. 适合,a business suit 公务装 | Choose a computer to suit your needs. 选一台符 合你个人需求的电脑。,Level 2,Day 7
10,suitable,/ˈsuːtəbl/,,,This programme is not suitable for children. 这个,Level 2,Day 7
11,strength,/streŋθ/,n.,力量；优势,The ability to keep calm is one of her many strengths.能够保持冷静是她的多项长处之一。,Level 2,Day 7
12,brain,/breɪn/,n.,脑袋；脑力,Heavy drinking can cause damage to the brain. 酒过量可能造成大脑损伤。,Level 2,Day 7
13,diet,/ˈdaɪət/,n.,日常饮食,to have a healthy diet 有健康的饮食,Level 2,Day 7
14,freedom,/ˈfriːdəm/,n.,自由,He finally won his freedom after twenty years jail. 他蹲了二十年监狱以后终于获得了自由。,Level 2,Day 7
15,kick,/kɪk/,v.,踢,The boys were kicking a ball around in the 男孩们在院子里踢球。,Level 2,Day 7
16,coach,/koʊtʃ/,n.,教练,a basketball coach 篮球教练,Level 2,Day 7
17,football,/ˈfʊtbɔːl/,n.,足球,a football match 足球比赛,Level 2,Day 7
18,tennis,/ˈtenɪs/,n.,网球(运动),,Level 2,Day 7
19,jump,/dʒʌmp/,v.,跳跃；猛涨,She jumped down from the chair. 她从椅子上跳 了下来。,Level 2,Day 7
20,nurse,/nɜːrs/,n.,护士 饮 v. 照料，护理,She had spent 29 years as a nurse. 她已当了29 年护士。,Level 2,Day 7
21,disappear,/ˌdɪsəˈpɪr/,v.,消失,The plane disappeared behind a cloud. 飞机消失 在云层里。,Level 2,Day 7
22,sick,/sɪk/,,,Her mother's very sick. 她母亲病得很厉害。,Level 2,Day 7
23,ill,/ɪl/,adj.,生病的；有害的,We both started to feel ill after the meal. 我们俩 yard. 饭后都开始感到不适。,Level 2,Day 7
24,illness,/ˈɪlnəs/,n.,疾病,She is weak after her illness. 她病后很虚弱。,Level 2,Day 7
25,cancer,/ˈkænsər/,n.,癌症,The cancer has spread to his stomach. 癌已扩散 到他的胃部。,Level 2,Day 7
26,medical,/ˈmedɪkl/,adj.,医学的；医疗的,medical advance 医学上的进展,Level 2,Day 7
27,medicine,/ˈmedɪsn/,n.,药；医学,,Level 2,Day 7
28,fever,/ˈfiːvər/,n.,发烧；狂热,He has a high fever. 他发高烧。,Level 2,Day 7
29,wrist,/rɪst/,n.,手腕,She has broken her wrist. 她的腕关节骨折了。,Level 2,Day 7
30,jog,/dʒɑːɡ/,v.,慢跑 锻炼。,,Level 2,Day 7
31,jaw,/dʒɔː/,n.,颌；下巴,the upper jaw 上颌,Level 2,Day 7
32,mass,/mæs/,n.,堆,Their latest product is aimed at the mass market. 他们的最新产品瞄准了大众市场。,Level 2,Day 7
33,massive,/ˈmæsɪv/,adj.,大量的；巨大的,a massive increase in spending 开支的大幅度增加,Level 2,Day 7
34,concert,/ˈkɑːnsərt/,n.,音乐会,I've been to plenty of live rock concerts. 我到过 很多现场摇滚音乐会。,Level 2,Day 7
35,audience,/ˈɔːdiəns/,n.,观众；读者,The audience cheered and clapped. 观众又是喝 彩又是鼓掌。,Level 2,Day 7
36,tragedy,/ˈtrædʒədi/,n.,悲剧；灾难,It's a tragedy that she died so young. 她英年早逝 是一大悲哀。,Level 2,Day 7
37,thanksgiving,/ˌθæŋksˈgɪvɪŋ/,n.,感恩节,We always eat turkey on Thanksgiving. 我们过感 恩节时总是吃火鸡。,Level 2,Day 7
38,eve,/iːv/,n.,前夜，前夕,a New Year's Eve party 除夕晚会,Level 2,Day 7
39,origin,,n.,起源；源头,the origins of life on earth 地球上生命的起源,Level 2,Day 7
40,originally,/əˈrɪdʒənəli/,adv.,原来；起初,The school was originally very small. 这所学校 当初很小。,Level 2,Day 7
1,ticket,/ˈtɪkɪt/,n.,票,free tickets to the show 演出的免费票,Level 2,Day 8
2,display,/dɪˈspleɪ/,n.,陈列；展示,The exhibition gives local artists an opportunity display their work. 这次展览为当地艺术家提供了 展示自己作品的机会。,Level 2,Day 8
3,motion,/ˈmoʊʃn/,n.,运动；动作,Watch my motion carefully. 仔细瞧我的动作！,Level 2,Day 8
4,emotion,/ɪˈmoʊʃn/,n.,情感；情绪,He lost control of his emotions. 他情绪失去了控制。,Level 2,Day 8
5,expression,/ɪkˈspreʃn/,n.,表现；表情,Her expression showed her disappointment. 线｜教研团队 的表情可以看出她很失望。,Level 2,Day 8
6,delight,/dɪˈlaɪt/,,,,Level 2,Day 8
7,angry,/ˈæŋɡri/,adj.,生气的,He was still a little angry with her. 他还是对她有 to 点生气。,Level 2,Day 8
8,disappoint,/ˌdɪsəˈpɔɪnt/,v.,使失望,She will not disappoint them. 她不会让他们失望。,Level 2,Day 8
9,drama,/ˈdrɑːmə/,n.,戏剧；戏剧性事件,He knew nothing of Greek drama. 他对希腊戏剧 一无所知。,Level 2,Day 8
10,scene,/siːn/,n.,场面；景象,a delightful rural scene 赏心悦目的乡村风光,Level 2,Day 8
11,plot,/plɑːt/,n.,从她 故事情节,The book is well organized in terms of plot. 这本 书的故事布局十分严谨。,Level 2,Day 8
12,cultural,/ˈkʌltʃərəl/,adj.,文化的,cultural differences between the two communities 这两种社群之间的文化差异,Level 2,Day 8
13,religion,/rɪˈlɪdʒən/,n.,宗教,Is there always a conflict between science religion? 科学和宗教信仰之间是否永远存在着冲突？,Level 2,Day 8
14,religious,/rɪˈlɪdʒəs/,adj.,宗教的 建筑是用于宗教活动的。,,Level 2,Day 8
15,tradition,/trəˈdɪʃn/,n.,传统,cultural traditions 文化传统,Level 2,Day 8
16,ancient,/ˈeɪnʃənt/,adj.,古代的；古老的,ancient history 古代史,Level 2,Day 8
17,classic,/ˈklæsɪk/,adj.,典型的；经典的,The menu is based on classic French cooking. 个菜单以传统法国菜为主。,Level 2,Day 8
18,folk,/foʊk/,n.,人们；民谣,The music was a hybrid of Western pop traditional folk song. 这种音乐融合了西方流行音乐 和传统民歌。,Level 2,Day 8
19,educate,/ˈedʒukeɪt/,,,He was educated at Yale and Stanford. 他是在耶,Level 2,Day 8
20,lesson,/ˈlesn/,n.,课；经验；教训,Our first lesson on Tuesdays is French.我们星期 二的第一节课是法语。,Level 2,Day 8
21,grade,/ɡreɪd/,n.,协会；联合,Sam is in the second grade. 萨姆读二年级。 | She got good grades in her exams. 她考试成绩 | the European Union 欧洲联盟,Level 2,Day 8
23,association,/əˌsoʊsiˈeɪʃn/,n.,协会；社团,Postgraduate Association 研究生会,Level 2,Day 8
24,volunteer,/ˌvɑːlənˈtɪr/,n.,志愿者；志愿兵,She now helps in a local school as a volunteer three days a week. 她现在作为一名志愿者每周3 天在当 这 地一所学校帮忙。,Level 2,Day 8
25,mobile,/ˈmoʊbl/,adj.,可移动的,My mobile phone is extremely useful. 我的手机 and 极为有用。,Level 2,Day 8
26,tool,/tuːl/,n.,工具；手段,This tool can be used in a variety of ways. 这一工 具有多种用途。 | Writing is a good tool for expressing feelings. 写,Level 2,Day 8
27,tip,/tɪp/,n.,实用的提示；小费,useful tips on how to save money 几个省钱的窍门,Level 2,Day 8
28,acquire,/əˈkwaɪər/,v.,获得,She has acquired a good knowledge of English. 英语已经学得很好。,Level 2,Day 8
29,notion,/ˈnoʊʃn/,n.,概念；观念 个观念。,,Level 2,Day 8
30,definition,/ˌdefɪˈnɪʃn/,n.,定义,What's your definition of happiness? 你对幸福的 定义是什么？,Level 2,Day 8
31,concentrate,/ˈkɑːnsntreɪt/,v.,集中(注意力)；集中,At work you need to be able to concentrate. 时你要能专心。,Level 2,Day 8
32,collect,/kəˈlekt/,v.,收集；积聚,collect data 收集数据,Level 2,Day 8
33,collection,/kəˈlekʃn/,n.,聚集；收藏品,a stamp collection 邮票收藏品,Level 2,Day 8
34,background,/ˈbækɡraʊnd/,n.,背景 94<< 零基础词汇讲义Level 2,background information 背景资料 a person's family background 一个人的出身背景,Level 2,Day 8
35,academic,/ˌækəˈdemɪk/,adj.,学业的，学术的,He is unsuited to academic work. 他不适合做学 术工作。 她 36. introduction /ˌɪntrəˈdʌkʃn/ | a letter of introduction 介绍信,Level 2,Day 8
37,master,/ˈmæstər/,n.,主人；大师；硕士,master new skills 掌握新的技能 a master's degree 硕士学位,Level 2,Day 8
38,graduate,/ˈɡrædʒuət/,n.,毕业生；毕业,She graduated from Harvard this year. 工作 她今年毕 业于哈佛大学。,Level 2,Day 8
39,clever,/ˈklevər/,adj.,聪明的,He's a very clever man. 他是个很聪明的人。,Level 2,Day 8
40,dictionary,/ˈdɪkʃəneri/,n.,字典；词典,I looked it up in the dictionary. 我在词典里查过 这个词。,Level 2,Day 8
1,text,/tekst/,n.,文章,Read the text carefully and then answer questions. 先仔细阅读文章，然后再回答问题。,Level 2,Day 9
2,content,/'kɑntent/,n.,主要内容,Her poetry has a good deal of political content. 的诗歌含有大量的政治内容。,Level 2,Day 9
3,context,/ˈkɑːntekst/,n.,背景；语境,His decision can only be understood in context. 有了解来龙去脉才能明白他的决定。,Level 2,Day 9
4,title,/ˈtaɪtl/,n.,标题；职称,The title is at the top of the page. 标题就在页面 的顶端。,Level 2,Day 9
5,sentence,/ˈsentəns/,n.,句子；刑罚,,Level 2,Day 9
7,theme,/θiːm/,n.,她 题目，主题,North American literature is the main theme of this year's festival. 北美文学是今年艺术节的主题。,Level 2,Day 9
8,topic,/ˈtɑːpɪk/,,,I have discussed this topic in detail. 我已详细地,Level 2,Day 9
9,spirit,/ˈspɪrɪt/,n.,精神；灵魂,The spirit still exists. 精神永在。,Level 2,Day 9
10,outline,/ˈaʊtlaɪn/,n.,概述,You should draw up a plan or outline for the essay.,Level 2,Day 9
11,passage,/ˈpæsɪdʒ/,n.,章节；乐段；通道,Read the following passage and answer questions below. 阅读下面这段文章并回答后面的 问题。,Level 2,Day 9
12,divide,/dɪˈvaɪd/,v.,分开,A sentence can be divided up into meaningful,Level 2,Day 9
13,description,/dɪˈskrɪpʃn/,n.,描述,They gave a general description of the man. 对这个男人作了大致的描述。,Level 2,Day 9
14,illustrate,/ˈɪləstreɪt/,v.,阐明；表明,"To illustrate my point, let me tell you a little story. 为了说明我的观点，让我来给你们讲个小故事。",Level 2,Day 9
15,comparison,/kəmˈpærɪsn/,n.,比较；对比；相比,comparisons between Britain and the rest Europe 英国与欧洲其他国家之间的比较,Level 2,Day 9
16,emphasize,/ˈemfəsaɪz/,v.,强调；重视,His speech emphasized the importance of reading. 他的发言强调了阅读的重要性。,Level 2,Day 9
17,importance,/ɪmˈpɔːrtns/,n.,重要性,She stressed the importance of careful preparation.,Level 2,Day 9
18,attach,/əˈtætʃ/,v.,把……固定，把……附(在……上),I attach great importance to this research. 我认为 这项研究十分重要。 the 19. quote /kwoʊt/ | He quoted a passage from the president's speech. 他引用了主席的一段讲话。,Level 2,Day 9
20,perspective,/pərˈspektɪv/,n.,观点；远景,Try to see the issue from a different perspective. 尝试以不同的角度看待这件事。,Level 2,Day 9
21,conclude,/kənˈkluːd/,,,What do you conclude from that? 你从这件事中,Level 2,Day 9
22,suggestion,/səˈdʒestʃən/,n.,建议,Can I make a suggestion? 我可以提个建议吗？,Level 2,Day 9
23,crucial,/ˈkruːʃl/,adj.,至关重要的 of e.g. a crucial factor 关键性的因素,,Level 2,Day 9
24,element,/ˈelɪmənt/,n.,元素；要素,Cost was a key element in our decision. 价钱是我 们决策时考虑的主要因素。,Level 2,Day 9
25,diary,/ˈdaɪəri/,n.,日志,Do you keep a diary? 你经常记日记吗？,Level 2,Day 9
26,failure,/ˈfeɪljər/,n.,失败,The success or failure of the plan depends on you.,Level 2,Day 9
27,block,/blɑːk/,n.,街区,Lack of training acts as a block to progress career. 缺乏训练会妨碍事业的发展。,Level 2,Day 9
28,stress,/stres/,n.,压力；强调,cope with stress 应对压力 他强调了接受良好教育的重要性。,Level 2,Day 9
29,encounter,/ɪnˈkaʊntər/,v.,遭遇；遇到,We encountered a number of difficulties in the week. 我们在第一周遇到了一些困难。,Level 2,Day 9
30,cope,/koʊp/,v.,(成功地)对付，处理,Fit people are better able to cope with stress. 的人较能应付压力。,Level 2,Day 9
31,handle,/ˈhændl/,v.,处理，应付,We all have to learn to handle stress. 我们都得学 会调节压力。,Level 2,Day 9
32,settle,/ˈsetl/,v.,解决,There is pressure on the unions to settle. 工会组 织面临消除纷争的压力。 | She tried her best to solve the problem. 她尽了最 大的努力解决这个问题。,Level 2,Day 9
34,resolve,/rɪˈzɑːlv/,v.,下决心；解决 in a n. 决心,to resolve an issue 解决问题 | Nothing could weaken his resolve. 什么也不能削 弱他的决心。,Level 2,Day 9
35,resolution,/ˌrezəˈluːʃn/,n.,解决；决心,They refused to comply with the UN resolution. 他们拒绝遵守联合国的决议。 | New Year's resolution 新年计划,Level 2,Day 9
36,afraid,/əˈfreɪd/,adj.,害怕的；担心的 first e.g. She did not seem afraid at all . 她一点儿也没显 得害怕。,,Level 2,Day 9
37,abandon,,v.,放弃 健康 e.g. Snow forced many drivers to abandon their vehicles. 大雪迫使许多驾驶者弃车步行。,,Level 2,Day 9
38,belief,/bɪˈliːf/,n.,相信；信仰,religious beliefs 宗教信仰,Level 2,Day 9
39,impossible,/ɪmˈpɑːsəbl/,adj.,不可能的,It's impossible to get there in time. 不可能及时到 达那里。,Level 2,Day 9
40,confidence,/ˈkɑːnfɪdəns/,n.,信心,He lacks confidence. 他缺乏信心。,Level 2,Day 9
1,landscape,/ˈlændskeɪp/,n.,风景,an industrial landscape 工业景观,Level 2,Day 10
2,coast,/koʊst/,n.,海岸,We walked along the coast for five miles. 我们沿 着海岸步行了五英里。,Level 2,Day 10
3,channel,/ˈtʃæn(ə)l/,n.,频道；途径,Music is a great channel for releasing emotions. 欣赏音乐是宣泄情感的好方法。,Level 2,Day 10
4,forest,/ˈfɔːrɪst/,n.,森林,a tropical forest 热带森林,Level 2,Day 10
5,native,/ˈneɪtɪv/,adj.,本地的,Her native language is Korean. 她的母语是韩语。,Level 2,Day 10
6,border,/ˈbɔːrdər/,n.,边界 98<< 零基础词汇讲义Level 2 10,,Level 2,Day 10
7,attract,/əˈtrækt/,v.,吸引,The exhibition has attracted thousands of visitors. 展览吸引了成千上万的参观者。,Level 2,Day 10
8,attractive,/əˈtræktɪv/,adj.,吸引人的,She's a very attractive woman. 她是一个非常有 魅力的女人。 your 9. visitor /ˈvɪzɪtər/ | We've got visitors coming this weekend. 本周末 我们有客人来访。,Level 2,Day 10
10,distance,/ˈdɪstəns/,n.,距离；远方,What's the distance between New York City and Boston? 纽约市离波士顿有多远？,Level 2,Day 10
11,route,/ruːt/,n.,路线,the route to success 成功之路,Level 2,Day 10
12,vehicle,"/ˈviːəkl,ˈviːhɪkl/",n.,车辆,Are you the driver of this vehicle?你是这辆汽车 的驾驶员吗？,Level 2,Day 10
13,spot,/spɑːt/,n.,地点；场所,a tourist spot 旅游景点 | I finally spotted my friend in the crowd.我终于在 人群中看见了我的朋友。 | Try not to excite your baby too much before bedtime.睡觉前尽量别使宝宝太兴奋。,Level 2,Day 10
15,wonderful,/ˈwʌndərf(ə)l/,adj.,极好的，精彩的,We had a wonderful time last night. 我们昨晚过 得非常愉快。,Level 2,Day 10
16,fashion,/ˈfæʃn/,n.,时尚,Some styles never go out of fashion. 有些款式永 远不会过时。,Level 2,Day 10
17,photograph,/ˈfoʊtəɡræf/,n.,照片,take photographs 拍摄照片,Level 2,Day 10
18,occasion,/əˈkeɪʒn/,n.,时机；场合,He was improperly dressed for the occasion. 衣着不大适合这个场合。,Level 2,Day 10
19,expand,/ɪkˈspænd/,,,A child's vocabulary expands through reading.,Level 2,Day 10
20,annual,/ˈænjuəl/,adj.,每年的；年度的,an annual meeting 年会,Level 2,Day 10
21,extra,/ˈekstrə/,adj.,额外的,I can't take on any extra work. 我不能承担任何 额外工作。,Level 2,Day 10
22,expense,/ɪkˈspens/,n.,费用；代价,Running a car is a big expense.养一辆车开销很大。 | He built up the business at the expense of his health.他以自己的健康为代价建立起这个企业。,Level 2,Day 10
23,satisfy,/ˈsætɪsfaɪ/,v.,令人满意；满足,This 会让所有人都满意。,Level 2,Day 10
24,brand,/brænd/,n.,品牌,You pay less for the supermarket's own brand .超 市自己品牌的东西要便宜些。,Level 2,Day 10
25,label,/ˈleɪb(ə)l/,n.,标签,price labels 价格标签 | The produce was labelled “Made in China”. 他的 该产 品上贴有“中国制造”的标签。,Level 2,Day 10
26,count,/kaʊnt/,v.,数,,Level 2,Day 10
27,afford,/əˈfɔːrd/,v.,买得起,Can we afford a new car? 我们买得起一辆新车吗？,Level 2,Day 10
28,discount,/ˈdɪskaʊnt/,n.,折扣,All full-time staff get a 20 percent discount. 全职员工都可以享受8 折优惠。,Level 2,Day 10
29,gift,/ɡɪft/,,,The watch was a gift from my mother. 这块表是 | She has a great gift for music. 她极有音乐天赋。,Level 2,Day 10
30,pack,/pæk/,v.,收拾(行李),"When I was 17, I packed my bags and left home. 在我17 岁的时候，打起行囊离开了家。",Level 2,Day 10
31,package,/ˈpækɪdʒ/,n.,包裹,A large package has arrived for you. 你有一个大 包裹来了。,Level 2,Day 10
32,distribute,/dɪˈstrɪbjuːt/,v.,分发；分配,The newspaper is distributed free. 这份报纸免费 发送。,Level 2,Day 10
33,delivery,/dɪˈlɪvəri/,n.,传送；递送,Allow 28 days for delivery. 请留出28 天送货 100<< 零基础词汇讲义Level 2,Level 2,Day 10
34,awake,/əˈweɪk/,adj.,醒着的,I was still awake when he came to bed. 他就寝时 我还没有入睡。 | I awoke from a deep sleep. 我从沉睡中醒来。,Level 2,Day 10
35,amuse,/əˈmjuːz/,v.,所有 逗笑,I'm sure I'll be able to amuse myself for a few hours. 我相信我能自娱自乐几个小时。,Level 2,Day 10
36,vocal,/ˈvoʊk(ə)l/,adj.,嗓音的；直言不讳的,vocal music 声乐 | He has been very vocal in his criticism of the government's policy. 他对政府政策的批评一直是直 言不讳。,Level 2,Day 10
37,camera,/ˈkæm(ə)rə/,n.,照相机,Did you pack the camera?你装进照相机了吗？,Level 2,Day 10
38,entry,/ˈentri/,n.,进入；入口,The children were surprised by the sudden entry of their teacher. 老师突然进来使孩子们感到意外。,Level 2,Day 10
39,exit,/ˈeksɪt/,n.,出口,fire exit 消防通道,Level 2,Day 10
40,band,/bænd/,n.,乐队,a rock band 摇滚乐队,Level 2,Day 10
1,independent,/ˌɪndɪˈpendənt/,adj.,独立的；自主的,He was very independent. 他非常独立。,Level 2,Day 11
2,guide,/ɡaɪd/,n.,指南,She guided us through the busy streets. 她带领 我们穿过繁忙的街道。,Level 2,Day 11
3,instruction,/ɪnˈstrʌkʃ(ə)n/,n.,指令；操作指南,Follow the instructions on the packet carefully.仔 细按照包装上的说明操作。,Level 2,Day 11
4,complex,/kəmˈpleks/,adj.,复杂的,a complex problem 复杂难懂的问题,Level 2,Day 11
5,tough,/tʌf/,adj.,艰苦的；严厉的,a tough childhood 苦难的童年 | It was a tough decision. 线｜教研团队 那是个很艰难的决定。,Level 2,Day 11
6,terrible,/ˈterəb(ə)l/,adj.,糟糕的 11,,Level 2,Day 11
7,error,/ˈerər/,n.,错误,There are too many errors in your work.你的工作 失误太多。,Level 2,Day 11
8,mistake,/mɪˈsteɪk/,n.,错误,"Don't worry, we all make mistakes. 没关系，我 们都会犯错。",Level 2,Day 11
9,fault,/fɔːlt/,n.,责任；过失；缺陷,It's your own fault for being careless. 你粗心大意 是你自己的过失。 | an electrical fault 电路故障,Level 2,Day 11
10,struggle,/ˈstrʌɡ(ə)l/,v.,奋斗；努力；搏斗,People struggle to get the best piece of land. 人们 竞相争夺最好的一块土地。,Level 2,Day 11
11,confuse,/kənˈfjuːz/,,,,Level 2,Day 11
12,blame,/bleɪm/,v.,指责,Police are blaming the accident on dangerous driving. 警方把事故原因归咎于危险驾驶。,Level 2,Day 11
13,escape,/ɪˈskeɪp/,v.,逃跑；摆脱,Two prisoners have escaped. 两名犯人逃走了。,Level 2,Day 11
14,excuse,/ɪkˈskjuːs/,n.,借口,Late again! What's your excuse this time? 又迟到 了！你这次有什么借口？,Level 2,Day 11
15,complain,/kəmˈpleɪn/,v.,抱怨；发牢骚,I wrote them a letter to complain. 我给他们写信 抱怨了一通。,Level 2,Day 11
16,complaint,/kəmˈpleɪnt/,n.,抱怨；投诉,You have no grounds for complaint. 你没有理由 抱怨。,Level 2,Day 11
17,complicated,/ˈkɒmplɪkeɪtɪd/,adj.,复杂的,The instructions look very complicated.这说明书 看起来很难懂。,Level 2,Day 11
18,faith,/feɪθ/,,,We've lost faith in the government's promises.,Level 2,Day 11
19,beat,/biːt/,v.,打,The rain beat against the windows.雨点击打着窗户。,Level 2,Day 11
20,weak,/wiːk/,adj.,虚弱的,She is still weak after her illness. 她病后仍然虚弱。 | The economy is very weak. 经济十分萧条。,Level 2,Day 11
21,powerful,/ˈpaʊərf(ə)l/,adj.,强大的,a rich and powerful man 一个有钱有势的人,Level 2,Day 11
22,enhance,/ɪnˈhæns/,v.,提高；增强,This is an opportunity to enhance the reputation of the company.这是提高公司声誉的机会。,Level 2,Day 11
23,compete,/kəmˈpiːt/,v.,竞争,We can't compete with them on price. 我们在价 格上无法与他们竞争。,Level 2,Day 11
24,capable,/ˈkeɪpəb(ə)l/,adj.,有能力的,She's a very capable speaker. 她是一个非常有能 力的演说者。,Level 2,Day 11
25,efficient,/ɪˈfɪʃ(ə)nt/,adj.,效率高的,the efficient use of energy 能源的有效利用,Level 2,Day 11
26,constant,/ˈkɑːnstənt/,adj.,不断的；不变的,a constant stream of visitors all day 整天络绎不绝 的游客,Level 2,Day 11
27,corner,/ˈkɔːrnər/,,,,Level 2,Day 11
28,select,/sɪˈlekt/,v.,选择；挑选,He hasn't been selected for the team. 他未能入选 进队。,Level 2,Day 11
29,selection,/sɪˈlekʃ(ə)n/,n.,选择 总有很多种美味佳肴可供选择。,,Level 2,Day 11
30,equal,/ˈiːkwəl/,adj.,平等的,equal rights 平等的权利 | The company has an equal opportunities policy. 这家公司的政策是人人机会均等。,Level 2,Day 11
31,hobby,/ˈhɑːbi/,n.,业余爱好,"My hobbies are letter writing, music, photography, and tennis. 我的业余爱好是写信、音乐、摄影和网球。",Level 2,Day 11
32,defeat,/dɪˈfiːt/,v.,击败,You must learn to accept defeat. 你必须学会承 认失败。,Level 2,Day 11
33,stick,/stɪk/,v.,刺,The dog caught the stick in its mouth. 狗衔住了 木棍。 | stick to 坚持( I managed to stick to the diet. 我设 法坚持节食。),Level 2,Day 11
34,pursue,/pərˈsuː/,v.,追求,He continued to pursue his goal of becoming an actor. 他继续追求他成为演员的目标。,Level 2,Day 11
35,perfect,"/ˈpɜːrfɪkt , pərˈfekt/",adj.,完美的,"As a musician, she has spent years perfecting her technique. 身为音乐家，她多年来不断在技艺上精 益求精。",Level 2,Day 11
36,yield,/jiːld/,v.,出产(作物)；产生(收益、效益等)；屈服,The research has yielded useful information. 这项 研究提供了有用的资料。,Level 2,Day 11
37,outcome,/ˈaʊtkʌm/,n.,结局；成果,We are confident of a successful outcome. 我们 相信会有圆满的结果。,Level 2,Day 11
38,succeed,/səkˈsiːd/,v.,实现目标；成功,Our plan succeeded. 我们的计划成功了。,Level 2,Day 11
39,victory,/ˈvɪktəri/,n.,胜利；成功,win a victory 获得胜利,Level 2,Day 11
40,famous,/ˈfeɪməs/,adj.,著名的,He dreams of being a famous journalist. 他梦想 成为一个有名的记者。,Level 2,Day 11
1,inform,/ɪnˈfɔːrm/,v.,通知,Please inform us of any changes. 若有变动请随 时通知我们。,Level 2,Day 12
2,recommend,/ˌrekəˈmend/,v.,推荐,I recommend the book to all my students.我向我 所有的学生都推荐这本书。,Level 2,Day 12
3,advise,/ədˈvaɪz/,v.,建议,The minister advised him to leave as soon possible. 部长建议他尽快离开。,Level 2,Day 12
4,advice,/ədˈvaɪs/,n.,建议,Follow your doctor's advice. 要遵从医嘱。,Level 2,Day 12
5,adopt,/əˈdɑːpt/,v.,采取；收养,to adopt a child 领养孩子 | The council is expected to adopt the new policy. 线｜教研团队 委员会有望采取这项新政策。,Level 2,Day 12
6,requirement,/rɪˈkwaɪərmənt/,,,,Level 2,Day 12
7,deliver,/dɪˈlɪvər/,v.,递送；发布,The president will deliver a speech about schools. 校长将发表关于学校的演讲。,Level 2,Day 12
8,delay,/dɪˈleɪ/,v.,拖延；延期 as e.g. Various setbacks and problems delayed production. 各种各样的挫折和问题延误了生产。,,Level 2,Day 12
9,editor,/ˈedɪtər/,n.,编者，编辑,Her father was the former editor of the Saturday Review.她的父亲是《星期六评论》的前任主编。,Level 2,Day 12
10,professor,/prəˈfesər/,n.,教授,His grandfather was a professor. 他爷爷曾是位 教授。,Level 2,Day 12
11,pleasure,/ˈpleʒər/,,,,Level 2,Day 12
12,respond,/rɪˈspɑːnd/,v.,回答,"I asked him his name, but he didn't respond. 他叫什么名字，可他没回答。",Level 2,Day 12
13,reply,/rɪˈplaɪ/,v.,回答；答复 定的答复。,,Level 2,Day 12
14,formal,/ˈfɔːrm(ə)l/,adj.,正式的；正规的,He wrote a very formal letter of apology.他写了 一封非常正式的道歉信。,Level 2,Day 12
15,impression,/ɪmˈpreʃ(ə)n/,n.,印象,My first impression of him was favorable. 他给我 的第一印象不错。,Level 2,Day 12
16,intention,/ɪnˈtenʃ(ə)n/,n.,意图；目的,I have no intention of going to the wedding.我无 意去参加婚礼。,Level 2,Day 12
17,interaction,/ˌɪntərˈækʃ(ə)n/,n.,相互作用；互动,Price is determined through the interaction demand and supply. 价格是由供求关系的相互作用 决定的。,Level 2,Day 12
18,expectation,/ˌekspekˈteɪʃn/,,,She went to college with great expectations.她满,Level 2,Day 12
19,exception,/ɪkˈsepʃn/,n.,例外；除外,All students without exception must take the English exam.所有学生都必须参加英语考试，无一 我问 例外。,Level 2,Day 12
20,revolution,/ˌrevəˈluːʃ(ə)n/,n.,革命；巨变,to start a revolution 发动一场革命,Level 2,Day 12
21,convention,/kənˈvenʃ(ə)n/,n.,惯例；协定,social conventions 社会习俗,Level 2,Day 12
22,negotiation,/nɪˌɡoʊʃiˈeɪʃ(ə)n/,n.,协商,The issue is still under negotiation .这个问题还在 商讨之中。,Level 2,Day 12
23,reputation,/ˌrepjuˈteɪʃ(ə)n/,n.,名誉；声望,This college has a good academic reputation. 这 所大学拥有良好的学术声誉。,Level 2,Day 12
24,observation,/ˌɑːbzərˈveɪʃ(ə)n/,n.,观察,She has good powers of observation. 她有很强的 观察力。,Level 2,Day 12
25,assumption,/əˈsʌmpʃ(ə)n/,n.,假定；设想 of e.g. His actions were based on a false assumption. 他 的行为基于错误的设想。,,Level 2,Day 12
26,combination,/ˌkɑːmbɪˈneɪʃ(ə)n/,n.,结合,Yoga is a combination of physical and breathing exercises. 瑜伽是身体和呼吸练习的结合。,Level 2,Day 12
27,explanation,/ˌekspləˈneɪʃ(ə)n/,n.,说明，解释,I would like an explanation. 我想要一个解释。,Level 2,Day 12
28,sincere,/sɪnˈsɪr/,adj.,真诚的,He wanted to make a sincere apology to Jimmy. 他想向吉米真诚地道歉。,Level 2,Day 12
29,lately,/ˈleɪtli/,adv.,近来，不久前,Have you seen her lately? 你最近见过她吗？ | The fate of the three men is unknown. 这三个人 命运未卜。,Level 2,Day 12
31,disable,/dɪsˈeɪbl/,v.,使伤残,He was disabled in a car accident. 他在车祸中残 废了。,Level 2,Day 12
32,clap,/klæp/,v.,鼓掌,The audience cheered and clapped. 观众又是喝 彩又是鼓掌。,Level 2,Day 12
33,achievement,/əˈtʃiːvmənt/,n.,成就；达到,It is an impressive achievement. 这是一项令人 敬佩的成就。,Level 2,Day 12
34,nevertheless,/ˌnevərðəˈles/,adv.,然而,"The news may be unexpected; nevertheless, 106<< 零基础词汇讲义Level 2 true. 这消息可能是出乎意料的，然而是真实的。",Level 2,Day 12
35,dislike,/dɪsˈlaɪk/,v.,不喜欢,He did not try to hide his dislike of his boss. 他没 有掩饰自己对上司的反感。,Level 2,Day 12
36,unless,/ənˈles/,conj.,除非,You can’t enter unless you have a ticket. 除非有 票，否则不能进入。,Level 2,Day 12
37,otherwise,/ˈʌðərwaɪz/,adv.,否则,"Shut the window, otherwise it'll get too cold in here. 把窗户关好，不然屋子里就太冷了。",Level 2,Day 12
38,besides,/bɪˈsaɪdz/,prep.,除……之外(还),We have lots of things in common besides music. 除了音乐，我们还有很多共通点。,Level 2,Day 12
39,meanwhile,/ˈmiːnwaɪl/,adv.,同时,"The doctor will see you again next week. Meanwhile, you must rest as much as possible. 医生 下周还会给你看病。在此期间，你一定要尽可能多 休息。",Level 2,Day 12
40,furthermore,/ˌfɜːrðərˈmɔːr/,adv.,此外；而且,"Furthermore, we need to consider other factors.此 外，我们还需要考虑其他因素。 it is",Level 2,Day 12
1,contrast,/ˈkɑːntræst/,n.,对照；反差,Careful contrast of the two plans shows important differences. 把两个计划仔细地加以对比就可看出一些重要的 差异。,Level 2,Day 13
2,demonstrate,/ˈdemənstreɪt/,v.,展示；论证,I will use this example to demonstrate the theory. 我会用这个例子来证明这个原理。,Level 2,Day 13
3,reveal,/rɪˈviːl/,v.,显示；透露,These poems reveal her gentle side. 这些诗显示 出她温柔的一面。,Level 2,Day 13
4,moral,/ˈmɔːrəl/,adj.,道德的,traditional moral values 线｜教研团队 传统的道德观念,Level 2,Day 13
5,personality,/ˌpɜːrsəˈnæləti/,n.,个性；性格 13,,Level 2,Day 13
6,proper,/ˈprɑːpər/,,,He is always proper in his behaviour. 他的行为举,Level 2,Day 13
7,conduct,/kənˈdʌkt/,v.,组织，实施,I decided to conduct an experiment. 我决定做一 项实验。,Level 2,Day 13
8,trust,/trʌst/,n.,信任,I couldn't trust him anymore. 我再不能相信他了。,Level 2,Day 13
9,attitude,/ˈætɪtuːd/,n.,态度；看法,Scientists have a negative attitude to the theory. 科 学家对这个理论的态度是消极的。,Level 2,Day 13
10,negative,/ˈneɡətɪv/,adj.,消极的；否定的,,Level 2,Day 13
11,initiative,/ɪˈnɪʃətɪv/,n.,主动权；倡议,We have the initiative; we intend to keep it. 拥有主动权；我们想要保持主动权。,Level 2,Day 13
12,truth,/truːθ/,n.,真理；事实,I realized the truth too late. 我知道真相太晚了。,Level 2,Day 13
13,principle,/ˈprɪnsəp(ə)l/,,,It's not just a matter of principle. 这不仅仅是个,Level 2,Day 13
14,principal,/ˈprɪnsəp(ə)l/,adj.,主要的,The principal reason for my change of mind is 我改变主意的最重要原因就是这个。,Level 2,Day 13
15,obvious,/ˈɑːbviəs/,adj.,明显的；显著的,The reason is obvious. 原因是明显的。,Level 2,Day 13
16,deny,/dɪˈnaɪ/,v.,否定；拒绝,He didn't deny the facts.他没有否认事实。,Level 2,Day 13
17,primary,/ˈpraɪmeri/,adj.,主要的；初级的,Our primary concern must be the children. 首先要关心的必须是儿童。,Level 2,Day 13
18,root,/ruːt/,n.,根；根源 须找到问题的根源。 108<< 零基础词汇讲义Level 2,,Level 2,Day 13
19,essential,/ɪˈsenʃ(ə)l/,adj.,必要的；本质的,Money is not essential to happiness. 金钱对于幸 福并非必不可少。 我们 20. contribute /kənˈtrɪbjuːt/ | Immigrants have contributed to British culture in many ways. 移民在许多方面都对英国文化有所贡献。,Level 2,Day 13
21,consequence,/ˈkɑːnsɪkwens/,n.,结果,This decision could have serious consequences for the industry. 这项决定可能对该行业造成严重后果。,Level 2,Day 13
22,highlight,/ˈhaɪlaɪt/,v.,突出；强调,The report highlights the major problems in this. society. 报告特别强调了社会的主要问题。,Level 2,Day 13
23,consideration,,n.,考虑,Careful consideration should be given to issues of health and safety. 健康与安全的问题应该认真予以 考虑。,Level 2,Day 13
24,usual,/ˈjuːʒuəl/,adj.,通常的,It is usual to start a speech by thanking everybody for coming. 讲话前先感谢大家光临，这是惯例。 我们 25. enable /ɪˈneɪb(ə)l/ | The software enables you to access the Internet in seconds. 这种软件使你在几秒钟内便可访问互联网。,Level 2,Day 13
26,additional,/əˈdɪʃən(ə)l/,adj.,附加的，额外的,,Level 2,Day 13
27,typical,/ˈtɪpɪk(ə)l/,adj.,典型的,It was typical family entertainment. 这是典型的 家庭娱乐活动。,Level 2,Day 13
28,careful,/ˈkerf(ə)l/,adj.,仔细的，小心的,Be careful—it has a sharp edge. 小心点——这刀,Level 2,Day 13
29,grateful,/ˈɡreɪtf(ə)l/,adj.,感谢的,I am extremely grateful to all the teachers for help. 我非常感谢所有老师的帮助。,Level 2,Day 13
30,handsome,/ˈhænsəm/,adj.,英俊的；可观的,He was tall and handsome. 他长得又高又英俊。 | a handsome profit 一大笔利润,Level 2,Day 13
31,classification,/ˌklæsəfəˈkeʃən/,n.,分类；类别,garbage classification policy 垃圾分类政策,Level 2,Day 13
32,whereas,/ˌwerˈæz/,conj.,然而,"Some of the studies show positive results, whereas others do not. 有一些研究结果令人满意，然而其他的则不然。",Level 2,Day 13
33,rapidly,/ˈræpɪdli/,adv.,迅速地；快速地 ￡25 e.g. Crime figures are rising rapidly. 犯罪数字正在迅 速地上升。,,Level 2,Day 13
34,apparently,/əˈpærəntli/,adv.,显然,"He paused, apparently lost in thought. 他停顿下 来，显然陷入了沉思。",Level 2,Day 13
35,dramatic,/drəˈmætɪk/,adj.,巨大的；急剧的,The announcement had a dramatic effect on house prices. 这项公告对房屋价格产生了巨大的影响。,Level 2,Day 13
36,multiple,/ˈmʌltɪp(ə)l/,adj.,数量多的；多种多样的,"He died of multiple injuries. 他死于多处受伤。 their 37. unlike /ˌʌnˈlaɪk/ | Unlike most systems, this one is very easy to install. 本系统与多数系统不同，极易安装。",Level 2,Day 13
38,slightly,,adv.,稍微，轻微地,I knew her slightly. 我对她略知一二。,Level 2,Day 13
39,slowly,/ˈsloʊli/,adv.,缓慢地；迟缓地,He found that life moved slowly in the countryside. 他发现乡村的生活节奏慢。,Level 2,Day 13
40,increasingly,/ɪnˈkriːsɪŋli/,adv.,越来越多地,It is becoming increasingly clear that this problem will not be easily solved. 越来越明显的是，这个问 题不会轻易解决。,Level 2,Day 13
1,chart,/tʃɑːrt/,n.,图表,a sales chart 销售图表,Level 2,Day 14
2,percentage,/pərˈsentɪdʒ/,n.,百分比,A high percentage of the female staff are part-time workers. 女职员中，兼职工作的人占很高的比例。,Level 2,Day 14
3,proportion,/prəˈpɔːrʃ(ə)n/,n.,比例，占比,A higher proportion of Americans go on to higher education than is the case in Britain. 美国人上大学的比例大于英国。,Level 2,Day 14
4,trend,/trend/,n.,趋势,There is a growing trend towards earlier retirement. 提早退休者有增加的趋势。,Level 2,Day 14
5,decline,/dɪˈklaɪn/,n.,下降；衰退,The number of tourists declined by 10% last 去年的旅游人数减少了10%。 110<< 零基础词汇讲义Level 2 14 list proportion trend decline speed sudden emergency rush injury hurt,Level 2,Day 14
6,decrease,/dɪˈkriːs/,v.,减少，降低,The number of new students decreased from 210 to 160 this year. 今年新生人数从210 减少到160。,Level 2,Day 14
7,reduction,/rɪˈdʌkʃ(ə)n/,n.,减少；缩小,There has been some reduction in unemployment. 失业人数有所减少。,Level 2,Day 14
8,speed,/spiːd/,n.,速度,I was amazed at his speed of working. 我对他工 作的高速感到惊讶。,Level 2,Day 14
9,sudden,/ˈsʌdn/,adj.,突然的，意外的,Don't make any sudden movements. 不要突然地 做任何动作。,Level 2,Day 14
10,emergency,/ɪˈmɜːrdʒənsi/,,,The government has declared a state of emergency.,Level 2,Day 14
11,crash,/kræʃ/,v.,碰撞；暴跌,a plane crash 飞机失事 | Share prices crashed to an all-time low yesterday. 昨天股票价格暴跌到了前所未有的最低纪录。,Level 2,Day 14
12,signal,/ˈsɪɡnəl/,n.,信号,She signaled that it was time to leave. 她示意该走了。,Level 2,Day 14
13,rush,/rʌʃ/,v.,迅速移动,We've got plenty of time; there's no need to 我们的时间很多，用不着太急促。,Level 2,Day 14
14,injury,/ˈɪndʒəri/,n.,伤害，损害,Two players are out of the team because of injury 两名队员因伤退出了比赛。,Level 2,Day 14
15,hurt,/hɜːrt/,v.,伤害(使)疼痛,I didn't want to hurt his feelings. 我并没有想伤 害他的感情。,Level 2,Day 14
16,dangerous,/ˈdeɪndʒərəs/,adj.,危险的,The traffic here is very dangerous for children.这 里的交通对孩子很危险。 | I was shocked to hear that he had resigned. 听到 他辞职的消息，我深感意外。,Level 2,Day 14
18,threat,/θret/,n.,威胁，恐吓,They pose a serious threat to security. 他们对安 全构成严重威胁。,Level 2,Day 14
19,threaten,/ˈθretn/,v.,威胁；恐吓,They broke my windows and threatened me. 他们 砸碎我的窗子并威胁我。,Level 2,Day 14
20,safety,/ˈseɪfti/,n.,安全；平安,They are anxious for her safety. 他们为她的安全 担心。 rush. 21. secure /sɪˈkjʊr/ | At last they were able to feel secure about the . future. 他们终于觉得不必为将来而担忧了。,Level 2,Day 14
22,battle,/ˈbæt(ə)l/,n.,斗争,He battled cancer for four years. 他同癌症斗争 了四年。,Level 2,Day 14
23,capture,/ˈkæptʃər/,v.,俘获；夺取；捕捉,The animals are captured in nets and sold to local zoos.那些动物用网捕获后被卖到当地的动物园。,Level 2,Day 14
24,peace,/piːs/,n.,和平,war and peace 战争与和平,Level 2,Day 14
25,insist,/ɪnˈsɪst/,v.,坚决要求；坚持,He insisted (that) he was innocent. 他坚持说他是 无辜的。,Level 2,Day 14
26,severe,/sɪˈvɪr/,adj.,严重的；严厉的,His injuries are severe. 他的伤很重。,Level 2,Day 14
27,predict,/prɪˈdɪkt/,v.,预言，预知；预报,Nobody could predict the outcome. 谁也无法预,Level 2,Day 14
28,announce,/əˈnaʊns/,v.,宣布；通知,He will announce tonight that he is resigning from office. 他今晚将宣布他要辞职。,Level 2,Day 14
29,intend,/ɪnˈtend/,v.,计划，打算,Maybe he intends to leave her.也许他打算离开她。,Level 2,Day 14
30,launch,/lɔːntʃ/,v.,发射(导弹、火箭等)；发动,to launch an attack 发起攻击,Level 2,Day 14
31,remark,/rɪˈmɑːrk/,n.,言论，评述,He made a number of rude remarks about the 关于这里的食物他说了许多无礼的评论。,Level 2,Day 14
32,breathe,/briːð/,v.,呼吸,Most people don't realize that they are breathing 112<< 零基础词汇讲义Level 2 染了的空气。,Level 2,Day 14
33,swing,/swɪŋ/,v.,摇摆,His arms swung as he walked. 他边走边摆着双臂。,Level 2,Day 14
34,hang,/hæŋ/,v.,悬挂；垂下,There were several expensive suits hanging here. 这挂着几套昂贵的衣服。,Level 2,Day 14
35,examine,/ɪɡˈzæmɪn/,v.,检查；审查,The plans will be examined by officials. 这些计 划将由官员们审查。,Level 2,Day 14
36,acute,/əˈkjuːt/,adj.,严重的；敏锐的,There is an acute shortage of water. 水严重短缺。,Level 2,Day 14
37,terrify,/ˈterɪfaɪ/,v.,恐吓；使害怕,Flying terrifies her. 她害怕坐飞机。,Level 2,Day 14
38,length,/leŋkθ/,n.,长度,The river is 300 miles in length. 这条河长300 英 里长。,Level 2,Day 14
39,extent,/ɪkˈstent/,n.,"程度；范围 food. e.g. That's true, to a certain extent. 在一定程度上的确 如此。",,Level 2,Day 14
40,repeat,/rɪˈpiːt/,v.,重复,to repeat a question 重复一遍问题,Level 2,Day 14
1,critic,/ˈkrɪtɪk/,n.,批评家；评论家,a literary critic 文学评论家,Level 2,Day 15
2,literature,/ˈlɪtrətʃər/,n.,文学；文学作品,French literature 法国文学,Level 2,Day 15
3,category,/ˈkætəɡɔːri/,n.,(人或事物的)类别，种类,The results can be divided into three categories. 结果可分为三大类。,Level 2,Day 15
4,novel,/ˈnɑːvl/,n.,小说,historical novels 历史小说 a novel feature 新特征,Level 2,Day 15
5,frame,/freɪm/,n.,框架；体形,a picture frame 画框 线｜教研团队,Level 2,Day 15
6,chapter,/ˈtʃæptər/,n.,章 15,,Level 2,Day 15
7,brief,/briːf/,n.,简介,Mozart's life was brief. 莫扎特的一生很短暂。,Level 2,Day 15
8,emotional,/ɪˈmoʊʃənl/,adj.,感情的,emotional problems 情感问题,Level 2,Day 15
9,atmosphere,/ˈætməsfɪr/,,,pollution of the atmosphere 大气污染,Level 2,Day 15
10,overall,/ˌoʊvərˈɔːl/,adj.,全面的,"Overall, this is a very useful book. 总的来说，这 是一本很有用的书。",Level 2,Day 15
11,variable,/ˈværiəbl/,adj.,多变的,variable temperatures 变化不定的气温,Level 2,Day 15
12,phase,/feɪz/,n.,阶段,during the first phase 在第一阶段,Level 2,Day 15
13,combine,/kəmˈbaɪn/,v.,使联合，组合,You should try to combine exercise with a healthy diet. 你应该把锻炼和健康饮食结合起来。,Level 2,Day 15
14,shift,/ʃɪft/,v.,转移,We need to shift the focus of this debate. 我们需 要转换一下辩论的焦点。,Level 2,Day 15
15,surface,/ˈsɜːrfɪs/,,,These plants float on the surface of the water.,Level 2,Day 15
16,reality,/riˈæləti/,n.,现实,She refuses to face reality. 她不肯面对现实。,Level 2,Day 15
17,straight,/streɪt/,adj.,直的；坦率的,a straight line 直线,Level 2,Day 15
18,arise,/əˈraɪz/,v.,发生；产生,A new crisis has arisen. 新危机已经出现。,Level 2,Day 15
19,existence,/ɪɡˈzɪstəns/,n.,存在,I was unaware of his existence until today. 今天我才知道有他这么个人。,Level 2,Day 15
20,emerge,/ɪˈmɜːrdʒ/,v.,出现，浮现,No new evidence emerged during the investigation.,Level 2,Day 15
21,appearance,/əˈpɪrəns/,n.,外观；外表,She had never been greatly concerned about her appearance. 她从来不怎么注重外貌。,Level 2,Day 15
22,characteristic,/ˌkærəktəˈrɪstɪk/,adj.,典型的,The two groups of children have quite different characteristics. 这两组儿童具有截然不同的特点。,Level 2,Day 15
23,identity,/aɪˈdentəti/,n.,身份；相同,The police are trying to discover the identity of the killer. 这 警方正努力调查杀人凶手的身份。 | an identity of interests 利益一致,Level 2,Day 15
24,distinguish,/dɪˈstɪŋɡwɪʃ/,v.,区分；辨别,Could he distinguish right from wrong? 他能辨别 是非吗？,Level 2,Day 15
25,odd,,adj.,古怪的,They're very odd people. 他们那些人都很古怪。,Level 2,Day 15
26,warn,/wɔːrn/,v.,警告,"I tried to warn him, but he wouldn't listen. 我设法 提醒过他，可他就是不听。",Level 2,Day 15
27,initial,/ɪˈnɪʃl/,,,The initial reaction has been excellent. 最初的反,Level 2,Day 15
28,gene,/dʒiːn/,n.,基因,a gene test 基因测试,Level 2,Day 15
29,reasonable,/ˈriːznəbl/,,,,Level 2,Day 15
30,honor,/ˈɑːnər/,n.,荣誉,He considered it an honor. 他把这当作一种荣誉。,Level 2,Day 15
31,retire,/rɪˈtaɪər/,v.,退休,The company's official retiring age is 65. 公司正,Level 2,Day 15
32,install,/ɪnˈstɔːl/,v.,安装,I'll need some help installing the software. 我得找 人帮忙安装这个软件。,Level 2,Day 15
33,metal,/ˈmetl/,n.,金属,a piece of metal 一块金属,Level 2,Day 15
34,repair,/rɪˈper/,v.,修理,It isn't worth having it repaired. 不值得修理它了。,Level 2,Day 15
35,mechanism,/ˈmekənɪzəm/,n.,机制,Pain acts as a natural defence mechanism. 疼痛算 是一种自然防护机制的作用。 你能 36. collapse /kəˈlæps/ | The roof collapsed under the weight of snow. 房 顶在雪的重压下突然坍塌下来。 | the collapse of share prices 股票价格暴跌,Level 2,Day 15
37,split,/splɪt/,v.,分裂；分开,She split the class into groups of four. 她按四人 一组把全班分成若干小组。,Level 2,Day 15
38,storm,/stɔːrm/,n.,暴风雨,violent storms 狂风暴雨,Level 2,Day 15
39,shut,/ʃʌt/,v.,关闭,She shut her eyes and fell asleep immediately. 她 闭上眼，立刻就睡着了。 The door was shut. 门关着。,Level 2,Day 15
40,lock,/lɑːk/,v.,锁上,This suitcase doesn't lock. 这手提箱锁不上。,Level 2,Day 15
1,budget,/ˈbʌdʒɪt/,n.,预算,an annual budget 年度预算,Level 2,Day 16
2,revenue,/ˈrevənuː/,n.,收益,The company's annual revenues rose by 30%. 司的年收入增加了30%。,Level 2,Day 16
3,export,/ˈekspɔːrt/,n.,出口,The islands export sugar and fruit. 这些岛屿出口 糖和水果。,Level 2,Day 16
4,fair,/fer/,adj.,公平的,The punishment was very fair. 这个处罚很公正。,Level 2,Day 16
5,fairly,/ˈferli/,adv.,相当地,a fairly easy book 一本相当浅易的书,Level 2,Day 16
6,plenty,/ˈplenti/,adv.,大量 116<< 零基础词汇讲义Level 2 16,,Level 2,Day 16
7,vast,/væst/,adj.,巨大的,a vast amount of information 大量信息,Level 2,Day 16
8,sufficient,/səˈfɪʃnt/,adj.,足够的；充分的,Allow sufficient time to get there. 留出充足的 时间好赶过去。,Level 2,Day 16
9,enormous,/ɪˈnɔːrməs/,adj.,巨大的,an enormous amount of time 大量的时间,Level 2,Day 16
10,imply,/ɪmˈplaɪ/,v.,意味，暗示,Are you implying that I am wrong? 你的意思是 不是说我错了？,Level 2,Day 16
11,industrial,/ɪnˈdʌstriəl/,adj.,工业的,industrial output 工业产量,Level 2,Day 16
12,factory,/ˈfæktri/,n.,工厂,,Level 2,Day 16
13,device,/dɪˈvaɪs/,n.,设备,a marketing device 作为一种营销手段,Level 2,Day 16
14,consist,/kənˈsɪst/,v.,由……组成(构成),The committee consists of ten members. 委员会 由十人组成。,Level 2,Day 16
15,branch,/bræntʃ/,n.,分支,The bank has branches all over the country. 银行在全国各地设有分行。,Level 2,Day 16
16,location,/loʊˈkeɪʃn/,n.,位置,The village was used as the location for a popular TV series. 这个村子曾是一部热门电视系列剧的拍 摄场地。,Level 2,Day 16
17,engineer,/ˌendʒɪˈnɪr/,n.,工程师,They're sending an engineer to fix the phone. 们要派一名修理工来安装电话。,Level 2,Day 16
18,secret,/ˈsiːkrət/,adj.,秘密的,secret information 秘密信息,Level 2,Day 16
19,scheme,/skiːm/,n.,方案,a training scheme 培训方案 against her. 她似乎觉得我们都在算计她。,Level 2,Day 16
20,rank,/ræŋk/,n.,地位，等级,a painter of the first rank 一流的画家,Level 2,Day 16
21,generate,/ˈdʒenəreɪt/,v.,产生，引起,to generate income 产生收益,Level 2,Day 16
22,procedure,/prəˈsiːdʒər/,n.,程序,maintenance procedures 维修程序,Level 2,Day 16
23,chain,/tʃeɪn/,n.,那家 链条；一系列,a bicycle chain 自行车链条,Level 2,Day 16
24,switch,/swɪtʃ/,n.,开关；转变,a | She made the switch from full-time to part-time work.她从全职工作改为兼职工作。,Level 2,Day 16
25,affair,/əˈfer/,n.,事情；事务,international affairs 国际事务,Level 2,Day 16
26,owner,/ˈoʊnər/,n.,所有者,a factory owner 工厂主,Level 2,Day 16
27,ignore,/ɪɡˈnɔːr/,v.,忽视,I made a suggestion but they chose to ignore it. 我 提了个建议，但他们不予理会。,Level 2,Day 16
28,labor,/ˈleɪbər/,n.,劳动；劳工,,Level 2,Day 16
29,knock,/nɑk/,v.,敲,Somebody was knocking on the window. 有人在 敲窗户。,Level 2,Day 16
30,urge,/ɜːrdʒ/,v.,敦促,She urged him to stay. 她力劝他留下。 | to take immediate action 立刻采取行动,Level 2,Day 16
32,narrow,/ˈnæroʊ/,adj.,狭窄的,a narrow victory 险胜,Level 2,Day 16
33,slide,/slaɪd/,v.,滑动,a downward slide in the price of oil 石油价格的 下跌,Level 2,Day 16
34,lean,/liːn/,v.,倾斜；倚靠,I leaned back in my chair. 我仰靠在椅背上。,Level 2,Day 16
35,slip,/slɪp/,v.,滑倒,She slipped over on the ice and broke her leg. 她 在冰上滑倒把腿摔断了。,Level 2,Day 16
36,extreme,/ɪkˈstriːm/,adj.,极度的,We are working under extreme pressure at the moment. 目前我们正在极大的压力下工作。,Level 2,Day 16
37,survive,/sərˈvaɪv/,v.,幸存,"Of the six people injured in the crash, only two survived.因这次撞车事故受伤的六人中，只有两人 活了下来。",Level 2,Day 16
38,alive,/əˈlaɪv/,adj.,活着的；有生气的,We don't know whether he's alive or dead. 我们 不知道他是死是活。,Level 2,Day 16
39,mill,/mɪl/,n.,工厂,a paper mill 造纸厂,Level 2,Day 16
40,deserve,/dɪˈzɜːrv/,v.,值得,These proposals deserve careful study. 这些建议 值得认真研究。,Level 2,Day 16
1,bond,/bɑːnd/,n.,纽带,A bond of friendship had been forged between them. 他们之间形成了一种友谊的纽带。,Level 2,Day 17
2,relevant,/ˈreləvənt/,adj.,相关的,a relevant suggestion 相关的提议,Level 2,Day 17
3,relative,/ˈrelətɪv/,adj.,相对的,a close /distant relative 近/远亲 | The fighting continued after a period of relative calm. 战斗在一段相对的平静之后继续。,Level 2,Day 17
4,neighbor,/ˈneɪbər/,n.,邻居,He was a good neighbor. 他是个挺好的邻居。,Level 2,Day 17
5,neighborhood,/ˈneɪbərhʊd/,n.,街坊；街区 线｜教研团队,That's exactly what is happening in a neighborhood in America. 这正是美国的一个小街 17 list relative neighbor neighborhood connection familiar bother reaction gather communicate bottom spread circle fond disgust absence reward ought command,Level 2,Day 17
6,passenger,/ˈpæsɪndʒər/,n.,旅客；乘客,I sat in the passenger seat.我坐在旅客座位上。,Level 2,Day 17
7,connect,/kəˈnekt/,v.,连接,The towns are connected by train and bus services. 这些城镇由火车和公共汽车连接起来。,Level 2,Day 17
8,connection,/kəˈnekʃn/,n.,联系,What is the connection between the two ideas? 这 两个意念之间有何联系?,Level 2,Day 17
9,familiar,/fəˈmɪliər/,adj.,熟悉的,Are you familiar with the computer software? 你 熟悉这个计算机软件吗？,Level 2,Day 17
10,bother,/ˈbɑːðər/,v.,使烦恼；打扰 small e.g. I don't want to bother her with my problems at the moment. 我此刻不想让她为我的事操心。,,Level 2,Day 17
11,strange,/streɪndʒ/,adj.,奇怪的,A strange thing happened this morning. 今天上午 发生了一件怪事。,Level 2,Day 17
12,refuse,/rɪˈfjuːz/,v.,拒绝,I politely refused their invitation. 我礼貌地回绝 了他们的邀请。,Level 2,Day 17
13,reaction,/riˈækʃn/,n.,反应 的反应是大吃一惊。,,Level 2,Day 17
14,gather,/ˈɡæðə(r)/,v.,聚集,A crowd soon gathered. 很快就聚集起了一群人。,Level 2,Day 17
15,communicate,/kəˈmjuːnɪkeɪt/,v.,交流，沟通,We only communicate by email. 我们只是互通 电邮。,Level 2,Day 17
16,accompany,/əˈkʌmpəni/,v.,陪伴，陪同,His wife accompanied him on the trip. 那次旅行 他由妻子陪同。,Level 2,Day 17
17,surround,/səˈraʊnd/,v.,围绕,The lake is surrounded with trees. 湖边树木环绕。,Level 2,Day 17
18,bottom,/ˈbɑːtəm/,n.,底部 脚下等候他们。 120<< 零基础词汇讲义Level 2,,Level 2,Day 17
19,spread,/spred/,v.,展开；传播,The disease spreads easily. 这种疾病容易传播。,Level 2,Day 17
20,circle,/ˈsɜːrkl/,n.,圆,Draw a circle. 画一个圆圈。,Level 2,Day 17
21,truly,/ˈtruːli/,adv.,真诚地,I'm truly sorry. 我非常抱歉。,Level 2,Day 17
22,gossip,/ˈɡɑːsɪp/,n.,流言蜚语,She's been gossiping about you. 她一直在说你的 闲话。,Level 2,Day 17
23,fond,/fɑːnd/,adj.,喜欢的,"Over the years, I have grown quite fond of her. 经 过这么多年，我越来越喜欢她了。",Level 2,Day 17
24,disgust,/dɪsˈɡʌst/,n.,厌恶,He walked away in disgust. 他感到厌恶，就走开了。,Level 2,Day 17
25,absence,/ˈæbsəns/,n.,缺乏；缺席,repeated absences from school 一再缺课,Level 2,Day 17
26,presence,/ˈprez(ə)ns/,n.,存在；出席,He hardly seemed to notice my presence. 他似乎 没有注意到我在场。,Level 2,Day 17
27,award,/əˈwɔːrd/,,,,Level 2,Day 17
28,reward,/rɪˈwɔːrd/,n.,奖励,a financial reward 经济奖励,Level 2,Day 17
29,ought,/ɔːt/,n.,指令；命令,You ought to give up smoking. 你应该戒烟。 | Begin when I give the command. 我发出命令时 开始。,Level 2,Day 17
31,concept,/ˈkɑːnsept/,n.,概念；观念,He can't grasp the basic concepts of math. 他无法 掌握数学的基本概念。,Level 2,Day 17
32,favor,/ˈfeɪvər/,n.,帮助；支持；偏袒,"On the whole, I'm in favor of the idea. 大体说来， 我赞成这个想法。 | I've come to ask you to do me a favor. 我是来请 你帮我一个忙的。",Level 2,Day 17
33,capacity,/kəˈpæsəti/,n.,容量；能力,She has an enormous capacity for hard work.她特 别能吃苦耐劳。,Level 2,Day 17
34,sight,/saɪt/,n.,视力；风景,The boat disappeared from sight. 那艘船从视野 中消失了。,Level 2,Day 17
35,vision,/ˈvɪʒn/,n.,视力；远见卓识,The couple moved outside her field of vision .这 对夫妇离开了她的视野。,Level 2,Day 17
36,excellent,/ˈeksələnt/,adj.,卓越的；杰出的,She speaks excellent French. 她法语说得好极了。,Level 2,Day 17
37,actual,/ˈæktʃuəl/,adj.,真实的,The actual cost was higher than we expected. 实 际成本比我们预计的要高,Level 2,Day 17
38,ideal,,adj.,理想的,He has found his ideal mate. 他已经找到了理想 的配偶。,Level 2,Day 17
39,hall,/hɔːl/,n.,走廊；大厅,a concert hall 音乐厅,Level 2,Day 17
40,library,/ˈlaɪbreri/,n.,图书馆,a public library 公共图书馆,Level 2,Day 17
1,childhood,/ˈtʃaɪldhʊd/,n.,童年,She had a happy childhood. 她有一个幸福的童年。,Level 2,Day 18
2,youth,/juːθ/,n.,年轻；年轻人,Youth is simply an attitude of mind. 青春仅仅是 心态问题。,Level 2,Day 18
3,marriage,/ˈmærɪdʒ/,n.,婚姻,They don't believe in marriage. 他们不相信婚姻。,Level 2,Day 18
4,senior,/ˈsiːniər/,adj.,高级的；年长的,a senior post 高级职务 | high school seniors 高中毕业班学生,Level 2,Day 18
5,cycle,/ˈsaɪkl/,n.,循环；周期,the cycle of the seasons 四季的循环,Level 2,Day 18
6,colleague,/ˈkɑːliːɡ/,n.,同事,We were friends and colleagues for more than 122<< 零基础词汇讲义Level 2 18 list marriage senior cycle partner entire admit temporary permanent taste comfort differ vary ordinary unique lucky,Level 2,Day 18
7,fellow,/ˈfeloʊ/,n.,同伴,She has a very good reputation among her fellows. 她在同事中的口碑甚佳。,Level 2,Day 18
8,partner,/ˈpɑːrtnər/,n.,伙伴,a marriage partner 配偶 a senior partner 主要合伙人,Level 2,Day 18
9,entire,/ɪnˈtaɪər/,adj.,全部的，整个的,The entire village was destroyed. 整个村庄都给 毁了。,Level 2,Day 18
10,admit,/ədˈmɪt/,v.,承认,Don't be afraid to admit to your mistakes. 不要怕 认错。,Level 2,Day 18
11,acknowledge,/əkˈnɑːlɪdʒ/,,,,Level 2,Day 18
12,valuable,/ˈvæljuəbl/,adj.,宝贵的，重要的,a valuable experience 宝贵的经验,Level 2,Day 18
13,temporary,/ˈtempəreri/,adj.,暂时的，临时的,I'm looking for some temporary work. 我在找临 时工作。,Level 2,Day 18
14,permanent,/ˈpɜːrmənənt/,,,The accident has not done any permanent damage.,Level 2,Day 18
15,taste,/teɪst/,n.,味道；品味,It tastes sweet. 这有甜味儿。,Level 2,Day 18
16,heavy,/ˈhevi/,adj.,重的；严重的；厚的,My brother is much heavier than me. 我弟弟比我 重得多。 | heavy rain 暴雨,Level 2,Day 18
17,remove,/rɪˈmuːv/,v.,移动；去除,He removed his hand from her shoulder. 他将手 从她的肩膀上拿开。,Level 2,Day 18
18,comfort,/ˈkʌmfərt/,n.,安慰,It's a comfort to know that she is safe. 知道她安,Level 2,Day 18
19,differ,/ˈdɪfər/,v.,不同于,French differs from English in this respect. 在这 方面法语不同于英语。,Level 2,Day 18
20,vary,/ˈveri/,v.,变化,The menu varies with the season. 菜单随季节而 变动。,Level 2,Day 18
21,status,/ˈsteɪtəs/,n.,地位；状态,to have a high social status 拥有很高的社会地位。,Level 2,Day 18
22,convince,/kənˈvɪns/,v.,说服；使信服,I'd convinced myself that I was right. 我确信自己 是正确的。,Level 2,Day 18
23,ordinary,/ˈɔːrdneri/,adj.,普通的；平凡的,The meal was very ordinary. 这顿饭平常得很。,Level 2,Day 18
24,unique,,adj.,独特的,"They are priceless, unique and irreplaceable. 它们 是无价的，独一无二的，不可替代的。",Level 2,Day 18
25,lucky,/ˈlʌki/,adj.,幸运的,She was lucky enough to be chosen for the team. 她很幸运被选中加入此队。,Level 2,Day 18
26,desire,/dɪˈzaɪər/,n.,渴望,a strong desire for power 强烈的权力欲 | We all desire health and happiness. 我们都渴望 健康和幸福。,Level 2,Day 18
27,bright,/braɪt/,,,,Level 2,Day 18
28,prospect,/ˈprɑːspekt/,n.,前景；展望,There is no immediate prospect of peace. 短期内 没有和平的可能。,Level 2,Day 18
29,peak,/piːk/,n.,顶峰,Traffic reaches its peak between 8 and 9 in morning. 上午8、9 点钟之间是交通高峰期。 | a mountain peak 山峰,Level 2,Day 18
30,promote,/prəˈmoʊt/,v.,促进；提升；推销,a campaign to promote awareness of environmental issues 提高环保意识的运动,Level 2,Day 18
31,temper,/ˈtempər/,n.,脾气；性情,in a good /bad temper 脾气好/不好,Level 2,Day 18
32,forgive,/fərˈɡɪv/,v.,原谅,I'll never forgive her for what she did. 我绝不会 原谅她做的事。,Level 2,Day 18
33,elder,/ˈeldər/,adj.,年龄较大的,my elder brother 我的哥哥 124<< 零基础词汇讲义Level 2,Level 2,Day 18
34,print,/prɪnt/,v.,印刷；打印,I'm printing a copy of the document for you. 我正 在给你印一份这个文件。,Level 2,Day 18
35,participate,/pɑːrˈtɪsɪpeɪt/,v.,参加；参与,She didn't participate in the discussion. 她没有参 加讨论。,Level 2,Day 18
36,participant,/pɑːrˈtɪsɪpənt/,n.,参与者；参加者 the e.g. Forty of the course participants are offered employment with the company. 参加课程学习的人 中有40 名得到了在该公司工作的机会。,,Level 2,Day 18
37,assistant,/əˈsɪstənt/,n.,助手,She works as a teaching assistant. 她担任助教。,Level 2,Day 18
38,aid,,n.,援助；帮助,Food aid is urgently needed. 迫切需要食物援助。,Level 2,Day 18
39,shy,/ʃaɪ/,adj.,害羞的,She was too shy to ask anyone for help. 她太腼 腆，不愿向任何人求助。,Level 2,Day 18
40,polite,/pəˈlaɪt/,adj.,有礼貌的，客气的,Please be polite to our guests. 请礼貌待客。,Level 2,Day 18
